Episode,Disconnect_Start,Disconnect_End,Steps_Broken
1,47,48.0,1
1,51,59.0,8
1,61,62.0,1
1,93,99.0,6
1,226,233.0,7
2,23,27.0,4
2,52,59.0,7
2,64,65.0,1
2,66,68.0,2
2,82,83.0,1
2,89,92.0,3
2,146,150.0,4
2,221,224.0,3
2,225,230.0,5
2,269,276.0,7
2,286,287.0,1
3,46,47.0,1
3,51,52.0,1
3,53,55.0,2
3,56,57.0,1
3,61,62.0,1
3,63,65.0,2
3,74,76.0,2
3,80,81.0,1
3,83,84.0,1
3,96,97.0,1
3,98,99.0,1
3,102,103.0,1
3,106,108.0,2
3,112,114.0,2
3,288,289.0,1
3,607,608.0,1
3,612,613.0,1
3,614,615.0,1
3,621,622.0,1
3,624,625.0,1
3,626,627.0,1
3,628,629.0,1
3,630,631.0,1
3,632,633.0,1
4,29,32.0,3
4,69,70.0,1
4,116,126.0,10
4,137,142.0,5
4,144,145.0,1
4,146,163.0,17
4,182,184.0,2
4,240,242.0,2
4,243,244.0,1
5,54,56.0,2
5,58,59.0,1
5,100,101.0,1
5,110,111.0,1
5,123,124.0,1
5,139,140.0,1
5,142,148.0,6
5,305,307.0,2
6,58,59.0,1
6,81,83.0,2
6,127,128.0,1
6,133,134.0,1
6,153,165.0,12
6,170,175.0,5
6,183,194.0,11
6,205,210.0,5
6,211,213.0,2
6,343,346.0,3
6,347,348.0,1
7,35,36.0,1
7,49,51.0,2
7,63,65.0,2
7,66,69.0,3
7,70,72.0,2
7,100,101.0,1
7,102,103.0,1
7,106,108.0,2
7,200,201.0,1
7,325,326.0,1
7,393,394.0,1
7,646,647.0,1
8,25,38.0,13
8,111,112.0,1
8,118,119.0,1
8,120,121.0,1
8,123,135.0,12
8,143,145.0,2
8,207,208.0,1
8,209,214.0,5
8,217,218.0,1
8,241,242.0,1
8,251,253.0,2
8,523,524.0,1
8,539,540.0,1
9,49,50.0,1
9,73,74.0,1
9,108,109.0,1
9,185,186.0,1
9,224,225.0,1
9,227,228.0,1
9,247,271.0,24
9,329,337.0,8
9,340,346.0,6
9,349,350.0,1
9,351,352.0,1
9,360,362.0,2
9,364,368.0,4
9,372,373.0,1
9,382,383.0,1
9,394,,0
10,200,203.0,3
11,49,51.0,2
11,55,56.0,1
11,112,113.0,1
11,118,119.0,1
11,178,179.0,1
11,180,181.0,1
11,182,183.0,1
11,184,185.0,1
11,372,375.0,3
12,31,32.0,1
12,50,54.0,4
12,56,58.0,2
12,80,81.0,1
12,83,84.0,1
12,92,94.0,2
12,103,105.0,2
12,137,139.0,2
12,142,143.0,1
12,145,146.0,1
12,150,151.0,1
12,160,165.0,5
12,186,187.0,1
12,191,192.0,1
12,205,206.0,1
12,209,210.0,1
12,211,213.0,2
12,214,215.0,1
12,280,281.0,1
13,89,90.0,1
13,145,147.0,2
13,149,150.0,1
13,153,156.0,3
13,205,208.0,3
14,146,155.0,9
14,158,162.0,4
14,164,166.0,2
14,168,172.0,4
14,173,177.0,4
14,180,215.0,35
14,222,223.0,1
14,243,245.0,2
14,270,271.0,1
14,274,276.0,2
14,291,306.0,15
14,801,802.0,1
15,49,57.0,8
15,62,64.0,2
15,97,98.0,1
15,123,125.0,2
15,176,177.0,1
15,179,181.0,2
15,246,247.0,1
15,253,255.0,2
15,256,257.0,1
15,258,259.0,1
16,92,101.0,9
16,147,148.0,1
16,174,176.0,2
16,181,192.0,11
16,197,198.0,1
16,199,200.0,1
16,210,213.0,3
16,279,280.0,1
16,344,345.0,1
16,385,386.0,1
16,399,401.0,2
16,468,469.0,1
16,472,473.0,1
16,502,509.0,7
16,569,570.0,1
16,678,680.0,2
16,754,755.0,1
16,756,757.0,1
16,758,760.0,2
16,763,764.0,1
16,765,766.0,1
16,821,824.0,3
16,842,843.0,1
16,870,871.0,1
16,873,874.0,1
17,151,153.0,2
17,157,158.0,1
17,268,269.0,1
17,270,271.0,1
17,272,273.0,1
17,274,275.0,1
17,276,277.0,1
17,278,325.0,47
17,339,349.0,10
17,351,352.0,1
17,353,354.0,1
17,357,358.0,1
17,359,360.0,1
17,361,364.0,3
17,366,370.0,4
18,44,45.0,1
18,57,58.0,1
18,64,80.0,16
18,84,85.0,1
18,87,88.0,1
18,91,92.0,1
18,107,108.0,1
18,110,111.0,1
18,125,129.0,4
18,130,134.0,4
18,224,228.0,4
18,914,915.0,1
18,918,919.0,1
19,28,33.0,5
19,34,35.0,1
19,53,54.0,1
19,55,58.0,3
19,59,67.0,8
19,70,71.0,1
19,84,85.0,1
19,88,96.0,8
19,101,102.0,1
19,164,167.0,3
19,208,209.0,1
19,557,559.0,2
19,599,602.0,3
19,634,635.0,1
19,641,644.0,3
20,46,47.0,1
20,79,84.0,5
20,112,113.0,1
20,238,239.0,1
20,241,245.0,4
20,248,250.0,2
20,273,276.0,3
21,107,115.0,8
21,137,138.0,1
21,322,323.0,1
21,324,325.0,1
21,327,328.0,1
21,329,331.0,2
21,409,415.0,6
21,420,436.0,16
21,491,493.0,2
21,498,499.0,1
22,24,27.0,3
22,33,35.0,2
22,131,132.0,1
22,259,261.0,2
22,277,278.0,1
23,89,108.0,19
23,123,124.0,1
23,125,145.0,20
23,148,149.0,1
23,150,151.0,1
23,250,251.0,1
24,36,72.0,36
24,87,89.0,2
24,98,104.0,6
24,151,152.0,1
24,305,313.0,8
25,149,150.0,1
25,158,159.0,1
25,217,219.0,2
25,220,221.0,1
25,242,248.0,6
26,23,25.0,2
26,30,97.0,67
26,127,128.0,1
26,131,132.0,1
26,134,136.0,2
26,161,166.0,5
26,169,170.0,1
26,171,172.0,1
26,173,174.0,1
26,180,183.0,3
26,185,198.0,13
26,762,763.0,1
27,36,37.0,1
27,114,118.0,4
27,121,127.0,6
27,128,129.0,1
27,130,131.0,1
27,132,154.0,22
27,155,156.0,1
27,158,159.0,1
27,180,182.0,2
27,183,184.0,1
27,463,501.0,38
28,51,54.0,3
28,78,79.0,1
28,149,150.0,1
28,153,154.0,1
28,237,238.0,1
29,29,38.0,9
29,45,46.0,1
29,66,67.0,1
29,69,71.0,2
29,98,99.0,1
29,130,131.0,1
29,150,154.0,4
30,60,61.0,1
30,63,64.0,1
30,66,67.0,1
30,68,69.0,1
30,135,136.0,1
30,250,251.0,1
30,279,282.0,3
30,294,297.0,3
30,298,299.0,1
30,300,301.0,1
30,302,305.0,3
30,306,310.0,4
30,311,313.0,2
30,437,438.0,1
31,101,102.0,1
31,103,104.0,1
31,155,156.0,1
31,435,436.0,1
32,114,117.0,3
32,128,130.0,2
32,211,213.0,2
32,222,223.0,1
33,88,89.0,1
33,108,109.0,1
33,120,121.0,1
33,141,145.0,4
33,169,171.0,2
33,174,176.0,2
33,234,236.0,2
33,254,296.0,42
33,297,303.0,6
33,315,402.0,87
33,428,601.0,173
33,602,603.0,1
33,615,,0
34,89,90.0,1
34,115,118.0,3
34,119,122.0,3
34,123,125.0,2
34,127,138.0,11
34,144,211.0,67
34,295,298.0,3
34,301,305.0,4
35,114,118.0,4
35,134,150.0,16
35,167,168.0,1
35,220,224.0,4
35,245,248.0,3
35,277,278.0,1
36,47,48.0,1
36,176,180.0,4
36,201,207.0,6
36,284,285.0,1
37,20,29.0,9
37,112,114.0,2
37,168,170.0,2
37,172,173.0,1
37,186,188.0,2
37,190,205.0,15
37,222,223.0,1
37,229,230.0,1
38,44,46.0,2
38,72,73.0,1
38,182,183.0,1
38,202,204.0,2
38,205,241.0,36
38,242,245.0,3
38,246,247.0,1
38,248,249.0,1
38,250,252.0,2
38,253,259.0,6
38,260,261.0,1
38,262,263.0,1
38,264,267.0,3
38,268,273.0,5
38,275,277.0,2
38,281,282.0,1
38,284,285.0,1
38,286,287.0,1
38,288,289.0,1
38,292,293.0,1
38,294,295.0,1
38,296,297.0,1
38,301,303.0,2
38,304,305.0,1
38,306,308.0,2
38,309,310.0,1
39,54,58.0,4
39,63,64.0,1
39,127,129.0,2
39,136,138.0,2
39,148,149.0,1
39,158,160.0,2
39,170,173.0,3
39,270,276.0,6
40,33,38.0,5
40,39,40.0,1
40,47,52.0,5
40,58,59.0,1
40,64,70.0,6
40,82,83.0,1
40,89,90.0,1
40,94,117.0,23
40,118,131.0,13
40,135,136.0,1
40,140,142.0,2
40,236,238.0,2
40,330,331.0,1
40,332,338.0,6
41,55,64.0,9
41,86,88.0,2
41,112,113.0,1
41,114,116.0,2
41,130,132.0,2
41,139,140.0,1
41,145,146.0,1
42,163,164.0,1
42,167,169.0,2
43,152,153.0,1
43,164,165.0,1
43,168,169.0,1
43,175,176.0,1
43,321,322.0,1
43,655,656.0,1
44,118,119.0,1
44,122,126.0,4
44,128,129.0,1
44,265,266.0,1
44,329,330.0,1
44,331,332.0,1
45,67,68.0,1
45,75,76.0,1
45,78,89.0,11
45,95,96.0,1
45,97,100.0,3
45,102,103.0,1
45,105,107.0,2
45,127,134.0,7
45,138,141.0,3
45,143,145.0,2
45,160,161.0,1
45,203,207.0,4
45,499,502.0,3
46,60,65.0,5
47,18,46.0,28
47,105,106.0,1
47,115,117.0,2
47,130,135.0,5
47,200,201.0,1
47,203,205.0,2
47,209,210.0,1
47,233,236.0,3
48,328,329.0,1
49,32,33.0,1
49,34,35.0,1
49,37,40.0,3
49,103,104.0,1
49,141,143.0,2
49,147,149.0,2
49,217,218.0,1
49,258,259.0,1
49,366,388.0,22
49,398,403.0,5
50,37,38.0,1
50,50,57.0,7
50,71,72.0,1
50,77,80.0,3
51,84,85.0,1
51,214,215.0,1
51,284,287.0,3
51,289,292.0,3
51,294,296.0,2
52,29,31.0,2
52,78,79.0,1
52,111,114.0,3
52,127,128.0,1
52,147,150.0,3
52,156,160.0,4
52,266,275.0,9
52,276,277.0,1
53,51,52.0,1
53,172,173.0,1
53,271,277.0,6
53,511,618.0,107
53,620,631.0,11
53,634,742.0,108
53,743,826.0,83
53,828,830.0,2
53,831,842.0,11
53,861,948.0,87
53,949,,0
54,79,80.0,1
54,183,184.0,1
54,213,215.0,2
54,238,239.0,1
54,417,418.0,1
54,419,420.0,1
55,51,54.0,3
55,63,64.0,1
55,70,71.0,1
55,82,83.0,1
55,86,87.0,1
55,105,111.0,6
55,117,118.0,1
55,123,124.0,1
55,272,274.0,2
55,276,277.0,1
55,279,280.0,1
56,71,72.0,1
56,73,79.0,6
56,119,130.0,11
56,218,219.0,1
56,715,716.0,1
57,25,26.0,1
57,102,103.0,1
57,112,113.0,1
57,116,119.0,3
57,141,142.0,1
57,143,144.0,1
57,154,159.0,5
58,67,68.0,1
58,94,95.0,1
58,106,107.0,1
58,110,112.0,2
58,114,115.0,1
58,116,118.0,2
58,137,148.0,11
58,149,150.0,1
58,178,179.0,1
58,196,200.0,4
58,266,268.0,2
58,270,271.0,1
58,274,275.0,1
58,276,277.0,1
58,423,424.0,1
58,425,426.0,1
58,427,428.0,1
58,435,437.0,2
58,570,571.0,1
58,677,678.0,1
58,701,702.0,1
59,106,107.0,1
59,160,161.0,1
59,167,168.0,1
59,197,198.0,1
59,215,218.0,3
59,335,339.0,4
59,346,347.0,1
60,90,91.0,1
60,175,176.0,1
60,177,178.0,1
61,132,133.0,1
61,219,309.0,90
61,356,361.0,5
61,362,438.0,76
61,439,440.0,1
61,441,456.0,15
61,457,745.0,288
62,58,59.0,1
62,66,84.0,18
62,86,87.0,1
62,103,104.0,1
62,105,107.0,2
62,108,111.0,3
62,121,148.0,27
62,149,154.0,5
62,158,163.0,5
62,173,175.0,2
62,179,180.0,1
62,181,189.0,8
62,261,262.0,1
62,498,499.0,1
62,501,504.0,3
63,69,70.0,1
64,54,57.0,3
64,72,73.0,1
64,74,76.0,2
64,78,104.0,26
64,106,108.0,2
64,109,128.0,19
64,132,133.0,1
64,134,135.0,1
64,250,251.0,1
65,28,29.0,1
65,32,36.0,4
65,103,108.0,5
65,111,112.0,1
65,113,116.0,3
65,121,125.0,4
65,281,282.0,1
66,51,53.0,2
66,60,62.0,2
66,77,78.0,1
66,79,80.0,1
66,88,89.0,1
66,124,125.0,1
66,126,129.0,3
66,134,136.0,2
66,164,166.0,2
66,569,570.0,1
66,571,572.0,1
66,665,666.0,1
66,669,670.0,1
66,671,672.0,1
66,677,678.0,1
66,775,779.0,4
67,71,74.0,3
67,85,91.0,6
67,93,95.0,2
67,98,101.0,3
67,120,123.0,3
67,134,135.0,1
67,144,146.0,2
67,176,180.0,4
68,119,120.0,1
68,132,137.0,5
68,196,271.0,75
68,273,274.0,1
69,86,87.0,1
69,93,95.0,2
69,126,127.0,1
69,128,130.0,2
69,351,354.0,3
70,22,27.0,5
70,29,42.0,13
70,50,51.0,1
70,80,81.0,1
70,89,93.0,4
70,101,102.0,1
70,130,131.0,1
70,198,199.0,1
70,200,202.0,2
70,206,209.0,3
70,215,217.0,2
70,248,255.0,7
70,510,511.0,1
70,512,513.0,1
70,514,519.0,5
70,543,547.0,4
70,549,550.0,1
70,639,640.0,1
70,723,724.0,1
70,726,728.0,2
70,729,732.0,3
71,66,69.0,3
71,79,81.0,2
71,95,96.0,1
71,97,99.0,2
71,100,101.0,1
71,132,133.0,1
71,222,227.0,5
72,47,49.0,2
72,51,52.0,1
72,57,62.0,5
72,93,94.0,1
72,142,143.0,1
72,283,285.0,2
72,294,295.0,1
72,312,330.0,18
72,333,334.0,1
72,335,345.0,10
72,358,359.0,1
73,81,82.0,1
73,232,264.0,32
73,670,671.0,1
73,673,676.0,3
73,772,774.0,2
73,775,778.0,3
73,779,780.0,1
73,781,782.0,1
73,784,786.0,2
73,787,788.0,1
73,900,901.0,1
73,902,903.0,1
73,934,935.0,1
73,946,951.0,5
73,952,953.0,1
73,954,955.0,1
73,956,959.0,3
73,960,961.0,1
73,989,990.0,1
73,992,993.0,1
73,995,1000.0,5
74,27,41.0,14
74,56,57.0,1
74,61,63.0,2
74,66,67.0,1
74,69,73.0,4
74,82,83.0,1
74,85,87.0,2
74,97,102.0,5
74,289,290.0,1
74,360,361.0,1
75,58,61.0,3
75,116,123.0,7
75,129,131.0,2
75,134,135.0,1
75,146,147.0,1
75,167,169.0,2
75,375,384.0,9
76,57,59.0,2
76,61,65.0,4
76,90,93.0,3
76,105,120.0,15
76,127,128.0,1
76,167,168.0,1
76,179,181.0,2
77,57,58.0,1
77,60,61.0,1
77,63,65.0,2
77,66,73.0,7
77,169,170.0,1
77,231,233.0,2
77,234,235.0,1
77,237,239.0,2
78,39,44.0,5
78,93,94.0,1
78,128,129.0,1
78,157,158.0,1
78,224,226.0,2
78,227,228.0,1
78,230,231.0,1
78,232,234.0,2
78,235,236.0,1
78,237,238.0,1
78,241,242.0,1
78,243,245.0,2
78,246,249.0,3
78,273,274.0,1
78,377,382.0,5
79,21,30.0,9
79,35,36.0,1
79,64,69.0,5
79,71,73.0,2
79,159,160.0,1
79,164,165.0,1
79,187,196.0,9
79,251,252.0,1
79,284,286.0,2
79,292,293.0,1
80,57,58.0,1
80,83,84.0,1
80,88,90.0,2
80,91,94.0,3
80,95,96.0,1
80,97,102.0,5
81,115,116.0,1
81,146,147.0,1
81,149,150.0,1
81,229,230.0,1
81,278,279.0,1
82,90,91.0,1
82,95,108.0,13
82,109,110.0,1
82,119,130.0,11
82,132,133.0,1
82,286,287.0,1
83,86,90.0,4
83,123,128.0,5
83,135,136.0,1
83,167,168.0,1
83,174,175.0,1
83,199,200.0,1
83,201,202.0,1
83,208,214.0,6
83,224,226.0,2
83,227,228.0,1
83,244,245.0,1
84,123,127.0,4
84,128,129.0,1
84,218,219.0,1
84,229,233.0,4
84,286,287.0,1
85,100,102.0,2
85,115,116.0,1
85,139,142.0,3
85,231,232.0,1
86,89,90.0,1
86,130,131.0,1
86,133,135.0,2
86,194,304.0,110
86,315,316.0,1
86,321,323.0,2
86,324,325.0,1
86,327,341.0,14
86,343,346.0,3
87,98,99.0,1
87,107,108.0,1
87,113,123.0,10
87,125,126.0,1
87,138,139.0,1
87,143,144.0,1
87,146,208.0,62
88,41,43.0,2
88,95,96.0,1
88,170,171.0,1
88,181,182.0,1
88,192,194.0,2
88,249,250.0,1
89,29,30.0,1
89,31,32.0,1
89,41,42.0,1
89,44,45.0,1
89,330,332.0,2
89,355,356.0,1
89,357,448.0,91
89,481,,0
90,68,70.0,2
90,113,114.0,1
90,197,199.0,2
91,27,34.0,7
91,42,48.0,6
91,68,71.0,3
91,73,74.0,1
91,76,79.0,3
91,80,82.0,2
91,83,84.0,1
91,101,105.0,4
91,298,299.0,1
91,308,309.0,1
91,328,333.0,5
91,431,432.0,1
91,496,500.0,4
91,511,512.0,1
91,546,606.0,60
92,797,800.0,3
92,805,811.0,6
92,812,826.0,14
92,844,845.0,1
93,57,58.0,1
93,59,60.0,1
93,100,101.0,1
93,104,110.0,6
93,115,122.0,7
93,125,126.0,1
93,128,133.0,5
93,144,146.0,2
93,159,168.0,9
93,170,172.0,2
93,770,772.0,2
93,773,774.0,1
93,775,776.0,1
94,33,36.0,3
94,62,67.0,5
94,86,87.0,1
94,116,117.0,1
94,179,180.0,1
94,181,189.0,8
94,191,192.0,1
95,62,64.0,2
95,134,136.0,2
96,77,80.0,3
96,85,87.0,2
96,88,92.0,4
96,93,94.0,1
96,95,103.0,8
96,105,114.0,9
96,115,116.0,1
96,119,125.0,6
96,126,128.0,2
96,151,152.0,1
96,153,177.0,24
96,181,185.0,4
96,188,189.0,1
96,190,191.0,1
96,205,207.0,2
96,233,250.0,17
96,252,254.0,2
96,272,273.0,1
96,297,298.0,1
96,310,311.0,1
96,317,318.0,1
97,61,62.0,1
97,64,65.0,1
97,66,70.0,4
97,112,113.0,1
97,238,239.0,1
97,291,294.0,3
97,308,309.0,1
98,27,29.0,2
98,149,150.0,1
98,215,216.0,1
99,71,76.0,5
99,78,79.0,1
99,81,82.0,1
99,87,89.0,2
99,98,99.0,1
99,118,119.0,1
99,134,135.0,1
100,57,58.0,1
100,138,139.0,1
100,140,142.0,2
100,143,144.0,1
100,146,147.0,1
100,148,150.0,2
100,152,153.0,1
100,156,157.0,1
101,199,201.0,2
101,202,203.0,1
101,301,302.0,1
102,33,37.0,4
102,42,43.0,1
102,55,57.0,2
102,235,241.0,6
102,244,245.0,1
102,247,251.0,4
103,36,40.0,4
103,41,42.0,1
103,364,365.0,1
103,366,367.0,1
103,368,369.0,1
103,370,372.0,2
103,373,374.0,1
104,33,35.0,2
104,44,47.0,3
104,51,52.0,1
104,104,105.0,1
104,119,129.0,10
104,131,132.0,1
104,151,172.0,21
104,183,185.0,2
104,187,189.0,2
104,190,194.0,4
104,205,215.0,10
104,235,238.0,3
104,272,274.0,2
104,275,290.0,15
104,294,295.0,1
105,28,29.0,1
105,30,31.0,1
105,140,142.0,2
105,153,156.0,3
105,192,193.0,1
105,227,230.0,3
105,234,235.0,1
105,239,240.0,1
105,317,318.0,1
105,328,331.0,3
105,333,336.0,3
106,240,241.0,1
106,299,302.0,3
106,973,974.0,1
107,27,31.0,4
107,33,37.0,4
107,165,176.0,11
107,192,193.0,1
107,201,202.0,1
107,203,205.0,2
107,214,245.0,31
107,248,251.0,3
107,255,256.0,1
108,23,26.0,3
108,30,32.0,2
108,103,106.0,3
108,111,113.0,2
109,80,82.0,2
109,89,91.0,2
109,99,100.0,1
109,108,109.0,1
109,137,138.0,1
109,230,231.0,1
109,232,233.0,1
109,234,235.0,1
109,472,473.0,1
109,950,952.0,2
109,983,984.0,1
109,985,986.0,1
110,53,57.0,4
110,61,62.0,1
110,64,79.0,15
110,88,89.0,1
110,90,91.0,1
110,92,94.0,2
110,95,96.0,1
110,98,99.0,1
110,100,101.0,1
110,116,120.0,4
110,157,161.0,4
110,162,163.0,1
110,167,171.0,4
110,175,176.0,1
110,182,183.0,1
110,191,194.0,3
110,196,219.0,23
110,237,244.0,7
110,497,499.0,2
110,784,785.0,1
110,829,830.0,1
110,831,832.0,1
110,833,834.0,1
110,835,836.0,1
110,864,865.0,1
111,63,65.0,2
111,170,171.0,1
111,176,177.0,1
111,189,190.0,1
111,191,194.0,3
111,198,199.0,1
111,224,234.0,10
111,707,708.0,1
111,829,830.0,1
111,831,832.0,1
112,57,61.0,4
112,64,65.0,1
112,207,208.0,1
112,211,213.0,2
112,227,229.0,2
113,71,72.0,1
113,77,79.0,2
113,83,84.0,1
113,88,89.0,1
113,90,92.0,2
113,96,97.0,1
113,106,107.0,1
113,108,110.0,2
113,147,148.0,1
113,152,153.0,1
113,154,156.0,2
113,309,310.0,1
113,311,312.0,1
113,419,420.0,1
113,423,424.0,1
114,64,66.0,2
114,228,282.0,54
114,283,284.0,1
114,285,286.0,1
114,287,291.0,4
114,292,293.0,1
114,294,309.0,15
114,311,312.0,1
114,314,315.0,1
114,322,326.0,4
114,327,334.0,7
114,335,336.0,1
114,337,339.0,2
114,345,361.0,16
114,370,377.0,7
114,378,380.0,2
114,381,385.0,4
114,386,389.0,3
114,390,393.0,3
114,394,395.0,1
114,396,397.0,1
114,398,410.0,12
114,411,412.0,1
114,413,414.0,1
114,415,417.0,2
114,418,419.0,1
114,420,421.0,1
114,423,424.0,1
114,425,426.0,1
114,427,428.0,1
114,429,430.0,1
114,431,432.0,1
114,433,755.0,322
114,756,765.0,9
114,766,768.0,2
114,769,770.0,1
114,771,814.0,43
114,815,819.0,4
114,820,839.0,19
114,840,877.0,37
114,878,880.0,2
114,881,882.0,1
114,883,887.0,4
114,888,971.0,83
114,972,985.0,13
114,986,987.0,1
114,988,989.0,1
114,990,991.0,1
114,992,993.0,1
114,994,995.0,1
114,996,997.0,1
114,998,999.0,1
114,1000,,0
115,49,51.0,2
115,143,144.0,1
115,146,148.0,2
116,26,28.0,2
116,30,31.0,1
116,72,73.0,1
116,77,80.0,3
116,100,102.0,2
116,104,105.0,1
116,187,188.0,1
116,191,192.0,1
116,196,197.0,1
116,253,256.0,3
116,332,341.0,9
117,65,77.0,12
117,80,82.0,2
117,85,86.0,1
117,102,104.0,2
117,106,107.0,1
117,126,128.0,2
117,143,145.0,2
117,153,154.0,1
118,93,94.0,1
118,159,160.0,1
118,177,178.0,1
118,209,210.0,1
118,227,231.0,4
118,232,234.0,2
119,73,75.0,2
119,84,93.0,9
119,101,102.0,1
119,149,151.0,2
119,156,157.0,1
119,271,276.0,5
119,277,282.0,5
119,283,304.0,21
119,327,343.0,16
119,357,,0
120,120,121.0,1
120,192,200.0,8
121,84,91.0,7
121,93,97.0,4
121,158,160.0,2
121,176,177.0,1
121,194,195.0,1
121,201,210.0,9
121,222,227.0,5
121,319,320.0,1
121,327,328.0,1
122,89,96.0,7
123,60,61.0,1
123,63,68.0,5
123,69,72.0,3
123,123,124.0,1
123,284,285.0,1
123,286,287.0,1
124,81,82.0,1
124,90,91.0,1
124,119,120.0,1
124,218,219.0,1
124,222,223.0,1
124,225,230.0,5
124,232,236.0,4
125,43,46.0,3
125,49,51.0,2
125,53,54.0,1
125,63,64.0,1
125,68,69.0,1
125,88,89.0,1
126,31,32.0,1
126,45,61.0,16
126,62,70.0,8
126,71,72.0,1
126,73,83.0,10
126,84,88.0,4
126,119,121.0,2
126,226,227.0,1
126,228,229.0,1
126,233,234.0,1
126,236,237.0,1
126,386,387.0,1
127,103,104.0,1
127,117,120.0,3
127,205,216.0,11
127,217,228.0,11
127,230,232.0,2
128,125,126.0,1
128,236,239.0,3
128,246,247.0,1
128,249,250.0,1
128,253,254.0,1
128,255,256.0,1
128,257,258.0,1
128,259,264.0,5
128,268,274.0,6
128,294,296.0,2
128,302,303.0,1
128,401,402.0,1
129,27,28.0,1
129,194,199.0,5
129,267,276.0,9
129,323,328.0,5
130,96,99.0,3
130,102,107.0,5
130,113,117.0,4
130,135,147.0,12
130,152,154.0,2
130,193,194.0,1
130,244,245.0,1
131,61,64.0,3
131,65,67.0,2
131,75,77.0,2
131,93,95.0,2
131,97,98.0,1
131,106,111.0,5
131,113,116.0,3
131,121,123.0,2
131,124,126.0,2
131,132,134.0,2
131,136,137.0,1
131,201,202.0,1
131,232,233.0,1
131,268,275.0,7
132,49,50.0,1
132,60,61.0,1
132,80,81.0,1
132,87,88.0,1
132,167,169.0,2
132,221,222.0,1
132,264,265.0,1
133,78,80.0,2
133,101,108.0,7
133,126,128.0,2
133,152,153.0,1
133,154,155.0,1
133,180,185.0,5
133,186,193.0,7
133,197,198.0,1
133,202,203.0,1
133,255,258.0,3
133,261,262.0,1
133,267,269.0,2
134,69,70.0,1
134,71,73.0,2
134,106,123.0,17
134,126,128.0,2
134,132,136.0,4
134,137,203.0,66
134,207,208.0,1
134,284,285.0,1
135,22,23.0,1
135,70,72.0,2
135,83,85.0,2
135,124,125.0,1
135,145,147.0,2
135,190,194.0,4
135,893,894.0,1
135,896,897.0,1
135,899,901.0,2
135,903,904.0,1
135,905,906.0,1
136,150,164.0,14
136,166,170.0,4
136,171,173.0,2
136,184,185.0,1
136,189,190.0,1
136,279,282.0,3
136,845,846.0,1
137,56,57.0,1
137,197,198.0,1
137,203,204.0,1
137,207,208.0,1
137,210,222.0,12
137,224,225.0,1
137,712,715.0,3
137,716,932.0,216
138,87,88.0,1
138,134,135.0,1
138,138,139.0,1
138,166,171.0,5
138,187,188.0,1
138,225,226.0,1
138,262,264.0,2
138,337,338.0,1
138,339,341.0,2
138,342,344.0,2
138,360,361.0,1
138,365,366.0,1
138,370,371.0,1
139,146,147.0,1
139,152,154.0,2
139,155,166.0,11
139,174,175.0,1
139,176,179.0,3
139,214,217.0,3
139,218,219.0,1
139,225,229.0,4
139,235,238.0,3
139,257,260.0,3
139,279,280.0,1
139,298,299.0,1
139,318,326.0,8
139,472,474.0,2
140,49,50.0,1
140,52,53.0,1
140,56,57.0,1
140,66,77.0,11
140,104,111.0,7
140,201,202.0,1
141,62,63.0,1
141,76,77.0,1
141,78,79.0,1
141,83,84.0,1
141,135,137.0,2
141,144,145.0,1
141,219,223.0,4
141,227,229.0,2
141,230,231.0,1
141,232,237.0,5
141,240,242.0,2
141,258,260.0,2
142,41,44.0,3
142,75,76.0,1
142,77,78.0,1
142,101,102.0,1
142,128,131.0,3
142,346,356.0,10
142,363,365.0,2
143,227,236.0,9
144,124,125.0,1
144,189,190.0,1
144,286,287.0,1
144,300,301.0,1
144,304,305.0,1
145,33,34.0,1
145,237,238.0,1
146,64,66.0,2
146,74,77.0,3
146,86,91.0,5
146,116,117.0,1
146,142,144.0,2
146,218,219.0,1
146,225,226.0,1
146,229,232.0,3
146,233,235.0,2
146,238,239.0,1
146,241,248.0,7
147,100,108.0,8
147,419,420.0,1
148,93,94.0,1
148,122,129.0,7
148,225,226.0,1
148,227,228.0,1
148,233,235.0,2
148,280,286.0,6
148,296,308.0,12
148,309,310.0,1
148,314,315.0,1
148,318,343.0,25
149,56,57.0,1
149,64,65.0,1
149,66,69.0,3
149,71,73.0,2
149,74,75.0,1
149,76,77.0,1
149,78,79.0,1
149,89,91.0,2
149,139,146.0,7
149,147,152.0,5
149,156,157.0,1
149,159,160.0,1
149,251,252.0,1
150,93,94.0,1
150,95,96.0,1
150,137,140.0,3
150,161,208.0,47
150,215,221.0,6
150,231,247.0,16
150,337,350.0,13
150,351,352.0,1
150,465,466.0,1
150,467,470.0,3
151,25,27.0,2
151,43,56.0,13
151,58,63.0,5
151,84,85.0,1
151,88,90.0,2
151,94,98.0,4
151,279,288.0,9
152,28,29.0,1
152,34,38.0,4
152,40,57.0,17
152,77,78.0,1
152,147,152.0,5
152,153,156.0,3
152,157,161.0,4
152,162,163.0,1
152,166,174.0,8
152,175,177.0,2
152,230,232.0,2
152,235,236.0,1
152,240,243.0,3
152,252,253.0,1
152,255,257.0,2
152,258,259.0,1
152,262,264.0,2
152,277,278.0,1
152,281,286.0,5
152,344,345.0,1
153,101,102.0,1
153,103,107.0,4
153,121,123.0,2
153,167,169.0,2
153,170,176.0,6
153,178,179.0,1
153,252,253.0,1
153,254,256.0,2
153,338,339.0,1
153,427,429.0,2
153,432,433.0,1
154,56,58.0,2
154,81,84.0,3
154,85,86.0,1
154,101,102.0,1
155,85,86.0,1
155,103,104.0,1
155,105,114.0,9
155,164,165.0,1
155,217,219.0,2
156,61,63.0,2
156,68,75.0,7
156,76,77.0,1
157,72,73.0,1
157,77,78.0,1
157,129,130.0,1
157,156,158.0,2
157,167,168.0,1
157,170,171.0,1
157,192,195.0,3
158,72,74.0,2
158,75,76.0,1
158,78,80.0,2
158,84,85.0,1
158,95,101.0,6
158,109,111.0,2
158,118,119.0,1
158,133,134.0,1
158,159,160.0,1
158,163,164.0,1
158,625,630.0,5
159,68,70.0,2
159,75,82.0,7
159,102,107.0,5
159,183,188.0,5
160,31,40.0,9
160,41,42.0,1
160,45,46.0,1
160,49,54.0,5
160,56,57.0,1
160,63,64.0,1
160,66,70.0,4
160,86,88.0,2
160,104,126.0,22
160,194,201.0,7
160,211,214.0,3
160,242,243.0,1
160,271,273.0,2
160,274,275.0,1
160,475,478.0,3
160,543,544.0,1
161,27,28.0,1
161,39,40.0,1
161,56,57.0,1
161,60,61.0,1
161,72,76.0,4
161,89,90.0,1
161,106,108.0,2
161,109,115.0,6
161,116,117.0,1
161,118,119.0,1
161,126,128.0,2
161,136,137.0,1
161,242,245.0,3
162,143,144.0,1
163,26,29.0,3
163,104,111.0,7
163,116,117.0,1
163,119,134.0,15
163,135,136.0,1
163,143,145.0,2
165,35,36.0,1
165,37,38.0,1
165,50,53.0,3
165,62,64.0,2
165,124,133.0,9
165,193,194.0,1
165,198,199.0,1
165,204,205.0,1
165,206,217.0,11
165,218,219.0,1
165,220,221.0,1
165,223,224.0,1
165,313,314.0,1
165,315,317.0,2
165,440,442.0,2
165,791,792.0,1
165,795,797.0,2
165,798,799.0,1
166,55,58.0,3
166,59,61.0,2
166,78,79.0,1
166,80,83.0,3
166,87,88.0,1
166,119,120.0,1
167,144,147.0,3
168,258,280.0,22
168,286,294.0,8
168,335,340.0,5
168,365,379.0,14
168,385,,0
169,52,60.0,8
169,63,66.0,3
169,135,136.0,1
169,175,176.0,1
169,178,202.0,24
170,53,55.0,2
170,275,277.0,2
170,297,298.0,1
170,300,305.0,5
170,306,307.0,1
170,308,310.0,2
170,311,313.0,2
170,314,316.0,2
170,317,318.0,1
170,862,863.0,1
171,81,82.0,1
171,84,85.0,1
171,91,92.0,1
171,102,103.0,1
171,184,187.0,3
171,408,409.0,1
171,489,490.0,1
172,29,31.0,2
173,76,77.0,1
173,81,82.0,1
173,85,86.0,1
173,122,125.0,3
173,129,130.0,1
173,133,134.0,1
173,135,136.0,1
173,142,144.0,2
173,148,154.0,6
173,932,943.0,11
174,39,42.0,3
174,56,58.0,2
174,60,61.0,1
174,75,78.0,3
174,81,82.0,1
174,86,87.0,1
174,170,173.0,3
174,174,175.0,1
174,177,179.0,2
174,184,186.0,2
174,241,249.0,8
174,374,375.0,1
175,724,726.0,2
176,24,25.0,1
176,42,44.0,2
176,52,53.0,1
176,54,111.0,57
176,113,114.0,1
176,186,190.0,4
176,192,193.0,1
176,221,231.0,10
176,232,234.0,2
176,237,238.0,1
177,142,144.0,2
177,151,152.0,1
177,153,155.0,2
177,156,160.0,4
177,169,170.0,1
177,175,176.0,1
177,179,180.0,1
178,63,65.0,2
178,74,76.0,2
178,77,78.0,1
178,89,90.0,1
178,91,92.0,1
178,93,94.0,1
178,95,96.0,1
178,100,103.0,3
178,104,107.0,3
178,111,112.0,1
178,116,122.0,6
178,193,199.0,6
178,204,208.0,4
178,214,215.0,1
178,219,225.0,6
178,227,228.0,1
178,231,247.0,16
178,251,252.0,1
178,254,255.0,1
178,266,267.0,1
178,275,276.0,1
178,277,278.0,1
178,279,280.0,1
178,289,292.0,3
178,297,298.0,1
178,300,301.0,1
179,84,87.0,3
179,129,133.0,4
179,184,185.0,1
179,679,680.0,1
180,30,32.0,2
180,45,46.0,1
180,47,48.0,1
180,51,53.0,2
180,59,60.0,1
180,61,63.0,2
180,76,80.0,4
180,86,87.0,1
180,88,94.0,6
180,101,102.0,1
180,175,176.0,1
180,182,186.0,4
180,205,206.0,1
180,213,217.0,4
180,228,229.0,1
180,243,244.0,1
180,285,286.0,1
180,296,297.0,1
180,303,310.0,7
180,312,319.0,7
180,320,322.0,2
180,324,325.0,1
180,333,335.0,2
180,336,339.0,3
181,28,30.0,2
181,61,62.0,1
181,85,88.0,3
181,115,116.0,1
182,28,29.0,1
182,39,41.0,2
182,150,155.0,5
182,164,165.0,1
182,170,171.0,1
182,192,195.0,3
182,223,224.0,1
182,228,237.0,9
182,866,875.0,9
183,40,41.0,1
183,42,43.0,1
183,44,47.0,3
183,58,59.0,1
183,72,74.0,2
183,83,84.0,1
183,100,101.0,1
183,103,104.0,1
183,121,124.0,3
183,127,128.0,1
183,134,135.0,1
183,140,141.0,1
183,189,192.0,3
183,269,270.0,1
183,279,288.0,9
183,290,291.0,1
183,298,299.0,1
183,305,,0
184,125,129.0,4
184,218,223.0,5
184,245,246.0,1
184,765,766.0,1
185,114,115.0,1
185,191,192.0,1
185,203,206.0,3
185,366,369.0,3
185,370,374.0,4
186,32,33.0,1
186,96,105.0,9
186,139,140.0,1
186,156,158.0,2
186,159,164.0,5
186,171,172.0,1
187,576,577.0,1
187,578,581.0,3
188,57,58.0,1
188,59,60.0,1
188,193,195.0,2
188,206,208.0,2
188,240,244.0,4
188,245,247.0,2
188,250,253.0,3
188,256,257.0,1
188,258,259.0,1
188,330,331.0,1
188,337,338.0,1
188,374,375.0,1
188,383,384.0,1
188,394,395.0,1
188,450,451.0,1
188,457,458.0,1
188,503,505.0,2
188,508,511.0,3
188,524,525.0,1
189,73,74.0,1
189,75,76.0,1
189,77,78.0,1
189,90,91.0,1
189,116,118.0,2
189,124,125.0,1
189,166,169.0,3
189,202,204.0,2
189,206,211.0,5
189,216,217.0,1
189,219,220.0,1
189,223,225.0,2
189,226,227.0,1
189,231,236.0,5
189,242,244.0,2
189,288,289.0,1
189,292,297.0,5
189,298,300.0,2
189,301,302.0,1
189,303,304.0,1
189,315,318.0,3
189,878,879.0,1
189,884,887.0,3
189,888,889.0,1
189,890,891.0,1
189,892,893.0,1
189,894,895.0,1
190,57,59.0,2
190,60,61.0,1
190,114,160.0,46
190,190,192.0,2
190,391,392.0,1
191,140,143.0,3
191,182,184.0,2
191,200,202.0,2
191,204,205.0,1
191,207,209.0,2
191,275,279.0,4
192,50,51.0,1
192,81,82.0,1
192,84,91.0,7
192,100,102.0,2
192,163,164.0,1
192,173,174.0,1
192,175,177.0,2
192,178,192.0,14
192,193,201.0,8
192,223,224.0,1
192,256,257.0,1
192,258,263.0,5
192,278,279.0,1
192,282,285.0,3
193,141,143.0,2
193,153,163.0,10
193,195,199.0,4
193,827,833.0,6
194,206,207.0,1
194,210,211.0,1
194,349,355.0,6
195,47,48.0,1
195,60,64.0,4
195,89,95.0,6
195,125,133.0,8
195,158,163.0,5
195,185,187.0,2
195,191,192.0,1
196,67,68.0,1
196,71,73.0,2
196,77,78.0,1
196,85,87.0,2
196,92,93.0,1
196,94,95.0,1
196,182,183.0,1
196,189,190.0,1
196,192,,0
197,96,97.0,1
197,111,116.0,5
197,262,269.0,7
197,279,281.0,2
197,428,429.0,1
197,430,431.0,1
197,432,435.0,3
198,139,141.0,2
198,158,162.0,4
198,166,172.0,6
198,258,259.0,1
199,27,38.0,11
199,93,94.0,1
199,100,101.0,1
199,109,111.0,2
199,113,114.0,1
199,118,121.0,3
199,124,125.0,1
199,145,147.0,2
199,198,199.0,1
199,258,259.0,1
200,74,75.0,1
200,88,90.0,2
200,91,92.0,1
200,94,95.0,1
200,100,101.0,1
200,120,122.0,2
200,222,223.0,1
200,226,228.0,2
200,233,236.0,3
200,238,243.0,5
201,31,32.0,1
201,46,47.0,1
201,49,50.0,1
201,59,60.0,1
201,62,63.0,1
201,76,77.0,1
201,78,79.0,1
201,85,93.0,8
201,106,114.0,8
201,175,179.0,4
201,184,189.0,5
202,25,31.0,6
202,35,69.0,34
202,78,83.0,5
202,221,222.0,1
203,38,41.0,3
203,60,61.0,1
203,80,81.0,1
203,89,92.0,3
203,94,95.0,1
203,112,113.0,1
203,144,145.0,1
203,217,218.0,1
203,225,226.0,1
203,228,231.0,3
203,256,258.0,2
203,277,279.0,2
203,285,294.0,9
203,984,986.0,2
203,993,994.0,1
203,995,997.0,2
203,998,999.0,1
203,1000,,0
204,56,60.0,4
204,103,105.0,2
204,106,107.0,1
204,108,109.0,1
204,112,113.0,1
204,115,116.0,1
204,118,120.0,2
204,133,134.0,1
204,135,138.0,3
204,192,194.0,2
204,218,219.0,1
204,220,222.0,2
204,224,225.0,1
204,226,231.0,5
204,235,236.0,1
204,242,244.0,2
204,266,267.0,1
204,268,270.0,2
204,272,274.0,2
204,275,281.0,6
204,283,286.0,3
204,287,290.0,3
204,528,529.0,1
204,530,531.0,1
204,532,533.0,1
204,536,537.0,1
204,540,541.0,1
204,542,543.0,1
204,544,545.0,1
204,563,564.0,1
204,565,566.0,1
204,831,833.0,2
205,143,144.0,1
205,145,148.0,3
205,212,216.0,4
205,222,223.0,1
205,227,228.0,1
205,246,247.0,1
206,112,113.0,1
206,115,120.0,5
206,202,204.0,2
207,27,29.0,2
207,58,63.0,5
207,89,90.0,1
207,101,102.0,1
207,103,104.0,1
207,131,133.0,2
207,165,181.0,16
208,29,32.0,3
208,39,40.0,1
208,56,61.0,5
208,63,68.0,5
208,69,72.0,3
208,88,89.0,1
208,129,132.0,3
208,139,140.0,1
208,296,297.0,1
208,299,300.0,1
208,301,302.0,1
208,303,304.0,1
208,305,306.0,1
208,308,309.0,1
208,314,317.0,3
208,333,340.0,7
208,341,345.0,4
208,359,360.0,1
208,395,396.0,1
208,397,398.0,1
208,399,400.0,1
209,61,66.0,5
209,81,83.0,2
210,27,29.0,2
210,112,113.0,1
210,154,157.0,3
210,159,161.0,2
210,167,168.0,1
210,243,244.0,1
210,245,246.0,1
210,428,429.0,1
211,50,52.0,2
211,240,241.0,1
211,261,262.0,1
211,265,266.0,1
211,267,269.0,2
211,280,281.0,1
211,282,289.0,7
211,316,317.0,1
212,87,88.0,1
212,189,196.0,7
212,239,240.0,1
212,243,244.0,1
213,28,32.0,4
213,37,41.0,4
213,45,46.0,1
214,38,40.0,2
215,71,72.0,1
215,107,110.0,3
215,166,168.0,2
215,358,363.0,5
215,432,433.0,1
215,444,445.0,1
216,60,61.0,1
216,184,185.0,1
216,186,187.0,1
216,200,201.0,1
216,288,289.0,1
216,752,759.0,7
217,48,50.0,2
217,52,61.0,9
217,62,69.0,7
217,71,72.0,1
217,74,76.0,2
217,92,99.0,7
217,118,119.0,1
218,84,86.0,2
218,185,187.0,2
218,189,194.0,5
219,61,62.0,1
219,126,128.0,2
219,136,144.0,8
219,145,148.0,3
219,151,156.0,5
219,212,214.0,2
220,169,172.0,3
220,173,174.0,1
220,175,183.0,8
220,250,252.0,2
220,258,259.0,1
221,69,70.0,1
221,108,109.0,1
221,167,170.0,3
221,216,220.0,4
221,957,959.0,2
222,27,29.0,2
222,64,66.0,2
222,69,72.0,3
222,77,78.0,1
222,157,158.0,1
222,200,206.0,6
222,207,208.0,1
222,210,213.0,3
223,72,73.0,1
223,74,75.0,1
223,99,100.0,1
223,186,188.0,2
223,193,195.0,2
224,136,137.0,1
224,143,144.0,1
224,166,167.0,1
224,176,179.0,3
225,47,49.0,2
225,57,58.0,1
225,62,65.0,3
225,66,75.0,9
225,76,77.0,1
225,78,100.0,22
225,107,108.0,1
225,149,152.0,3
225,204,206.0,2
225,241,247.0,6
225,309,310.0,1
226,54,57.0,3
226,96,97.0,1
226,103,108.0,5
226,111,114.0,3
226,115,116.0,1
226,117,119.0,2
226,123,126.0,3
227,92,94.0,2
227,169,170.0,1
227,171,172.0,1
227,173,218.0,45
227,219,222.0,3
227,242,274.0,32
228,37,39.0,2
228,40,41.0,1
228,43,44.0,1
228,45,46.0,1
228,77,79.0,2
228,82,85.0,3
228,88,106.0,18
228,111,117.0,6
228,143,148.0,5
228,169,175.0,6
228,225,226.0,1
228,229,230.0,1
228,231,241.0,10
228,242,248.0,6
228,249,309.0,60
228,382,384.0,2
228,410,411.0,1
228,412,413.0,1
228,419,,0
229,44,51.0,7
229,53,54.0,1
229,56,57.0,1
229,79,80.0,1
229,117,120.0,3
229,121,123.0,2
229,124,126.0,2
229,135,137.0,2
229,160,161.0,1
229,165,172.0,7
230,41,42.0,1
230,43,49.0,6
230,87,92.0,5
230,110,112.0,2
230,123,124.0,1
230,255,256.0,1
230,257,265.0,8
230,274,289.0,15
230,295,296.0,1
230,375,376.0,1
230,567,568.0,1
230,570,578.0,8
231,61,62.0,1
231,65,66.0,1
231,71,74.0,3
231,137,138.0,1
232,28,30.0,2
232,33,35.0,2
232,166,167.0,1
233,88,91.0,3
233,93,97.0,4
233,113,114.0,1
233,115,116.0,1
233,125,130.0,5
233,131,133.0,2
234,131,132.0,1
234,138,139.0,1
235,112,113.0,1
235,115,117.0,2
236,24,40.0,16
236,71,72.0,1
236,145,146.0,1
236,148,149.0,1
236,161,162.0,1
236,165,166.0,1
236,167,168.0,1
236,259,262.0,3
237,113,118.0,5
237,127,131.0,4
237,139,144.0,5
237,160,188.0,28
237,193,194.0,1
237,200,201.0,1
237,204,210.0,6
237,211,212.0,1
237,213,214.0,1
237,220,221.0,1
237,226,227.0,1
237,228,233.0,5
237,311,312.0,1
238,23,24.0,1
238,29,30.0,1
238,31,33.0,2
238,60,62.0,2
238,213,218.0,5
238,230,231.0,1
238,305,307.0,2
238,308,309.0,1
238,850,851.0,1
238,852,853.0,1
238,854,855.0,1
239,53,55.0,2
239,86,88.0,2
239,89,95.0,6
239,98,99.0,1
239,128,129.0,1
239,176,177.0,1
239,240,253.0,13
239,655,656.0,1
240,83,86.0,3
240,162,163.0,1
240,229,232.0,3
240,235,236.0,1
240,242,243.0,1
240,288,289.0,1
240,290,291.0,1
240,294,295.0,1
240,296,302.0,6
240,303,304.0,1
240,306,307.0,1
241,30,31.0,1
241,243,244.0,1
241,257,261.0,4
241,790,791.0,1
242,138,139.0,1
242,140,141.0,1
243,66,69.0,3
243,76,77.0,1
243,78,79.0,1
243,106,115.0,9
243,161,165.0,4
243,268,282.0,14
244,47,48.0,1
244,72,73.0,1
244,78,79.0,1
244,134,135.0,1
244,164,165.0,1
244,168,169.0,1
244,293,294.0,1
244,295,296.0,1
244,297,298.0,1
244,299,394.0,95
245,58,60.0,2
245,80,83.0,3
246,161,164.0,3
246,172,282.0,110
246,289,291.0,2
246,292,293.0,1
246,296,569.0,273
246,570,571.0,1
246,624,,0
247,91,92.0,1
247,135,137.0,2
247,138,140.0,2
247,228,230.0,2
247,231,233.0,2
248,68,69.0,1
248,71,72.0,1
248,104,105.0,1
248,110,113.0,3
248,144,145.0,1
248,146,147.0,1
248,154,155.0,1
248,156,157.0,1
248,161,162.0,1
248,163,167.0,4
248,172,173.0,1
248,263,264.0,1
249,74,76.0,2
249,77,79.0,2
249,173,174.0,1
249,176,178.0,2
250,47,48.0,1
250,71,72.0,1
250,118,120.0,2
250,150,153.0,3
250,154,158.0,4
250,201,203.0,2
250,447,449.0,2
252,119,120.0,1
252,121,123.0,2
252,125,126.0,1
252,172,173.0,1
253,122,123.0,1
253,125,126.0,1
253,234,242.0,8
253,250,251.0,1
253,252,253.0,1
253,281,282.0,1
253,287,288.0,1
253,305,306.0,1
253,308,309.0,1
253,313,314.0,1
253,584,589.0,5
254,27,28.0,1
254,55,58.0,3
254,69,72.0,3
254,94,95.0,1
254,96,97.0,1
254,171,172.0,1
254,178,184.0,6
254,185,318.0,133
254,340,482.0,142
254,488,540.0,52
254,556,,0
255,73,76.0,3
255,123,124.0,1
255,126,128.0,2
255,129,131.0,2
255,132,134.0,2
255,233,236.0,3
256,28,32.0,4
256,233,235.0,2
256,236,237.0,1
256,238,246.0,8
257,46,47.0,1
257,48,51.0,3
257,52,53.0,1
257,54,55.0,1
257,115,117.0,2
257,307,308.0,1
258,100,101.0,1
258,103,104.0,1
258,150,152.0,2
258,211,212.0,1
258,389,390.0,1
259,35,36.0,1
259,48,52.0,4
259,75,76.0,1
259,78,80.0,2
259,81,82.0,1
259,116,118.0,2
259,151,152.0,1
259,291,292.0,1
259,313,314.0,1
259,315,317.0,2
259,318,320.0,2
260,82,85.0,3
260,147,149.0,2
261,146,147.0,1
261,151,153.0,2
261,162,163.0,1
261,166,167.0,1
262,84,85.0,1
262,122,125.0,3
262,128,129.0,1
262,131,136.0,5
262,205,206.0,1
262,395,396.0,1
262,404,405.0,1
262,433,434.0,1
263,156,158.0,2
263,159,161.0,2
263,162,163.0,1
263,286,287.0,1
263,288,292.0,4
263,293,295.0,2
263,303,304.0,1
263,305,307.0,2
263,309,313.0,4
263,324,325.0,1
264,108,111.0,3
264,132,134.0,2
264,149,150.0,1
264,180,181.0,1
264,183,186.0,3
264,191,192.0,1
264,193,195.0,2
264,284,290.0,6
264,393,394.0,1
265,90,91.0,1
265,202,206.0,4
265,263,265.0,2
266,169,175.0,6
266,192,193.0,1
266,195,196.0,1
267,88,90.0,2
267,98,100.0,2
267,102,104.0,2
267,133,134.0,1
267,158,197.0,39
267,214,216.0,2
267,273,274.0,1
267,275,276.0,1
267,320,325.0,5
267,326,327.0,1
268,68,69.0,1
268,85,86.0,1
268,88,89.0,1
268,90,91.0,1
268,98,103.0,5
268,107,111.0,4
268,114,115.0,1
268,117,118.0,1
268,137,138.0,1
268,141,143.0,2
268,146,147.0,1
268,151,154.0,3
268,158,163.0,5
268,173,179.0,6
268,180,181.0,1
268,185,190.0,5
268,197,199.0,2
268,277,281.0,4
268,866,867.0,1
269,106,107.0,1
269,110,115.0,5
269,116,119.0,3
269,177,179.0,2
270,33,39.0,6
270,43,45.0,2
270,95,97.0,2
270,120,122.0,2
270,237,238.0,1
270,240,241.0,1
270,243,244.0,1
270,245,247.0,2
270,248,249.0,1
270,250,251.0,1
270,253,255.0,2
270,256,257.0,1
270,258,259.0,1
270,264,265.0,1
270,273,278.0,5
270,283,284.0,1
270,291,292.0,1
270,293,294.0,1
270,295,296.0,1
270,299,300.0,1
270,325,330.0,5
270,331,332.0,1
271,23,27.0,4
271,33,44.0,11
271,46,84.0,38
271,86,92.0,6
271,93,94.0,1
271,97,98.0,1
271,100,128.0,28
271,139,140.0,1
271,188,190.0,2
271,191,193.0,2
271,204,205.0,1
271,208,210.0,2
271,224,225.0,1
271,226,227.0,1
271,228,229.0,1
271,252,253.0,1
271,754,755.0,1
271,758,759.0,1
271,760,761.0,1
271,762,763.0,1
272,38,39.0,1
272,89,93.0,4
272,96,99.0,3
272,188,192.0,4
272,260,261.0,1
273,113,115.0,2
273,116,117.0,1
273,119,120.0,1
273,122,124.0,2
273,126,143.0,17
273,174,187.0,13
273,210,211.0,1
273,323,324.0,1
273,325,326.0,1
273,327,328.0,1
274,85,86.0,1
274,91,92.0,1
274,100,101.0,1
274,104,105.0,1
274,106,107.0,1
274,117,118.0,1
274,225,227.0,2
275,97,98.0,1
275,108,110.0,2
275,113,129.0,16
275,156,161.0,5
276,56,57.0,1
276,71,72.0,1
276,79,80.0,1
276,81,83.0,2
276,101,102.0,1
276,115,116.0,1
276,118,119.0,1
277,81,85.0,4
277,86,87.0,1
277,113,114.0,1
277,401,475.0,74
277,477,478.0,1
277,645,646.0,1
278,74,76.0,2
278,241,242.0,1
279,25,58.0,33
279,66,80.0,14
279,113,116.0,3
279,150,151.0,1
279,154,159.0,5
279,210,211.0,1
280,47,52.0,5
281,32,33.0,1
281,60,63.0,3
281,64,65.0,1
281,74,75.0,1
281,76,78.0,2
281,146,147.0,1
281,184,186.0,2
281,194,196.0,2
281,200,202.0,2
281,210,211.0,1
281,213,214.0,1
281,228,229.0,1
281,230,232.0,2
281,269,271.0,2
281,273,274.0,1
281,275,276.0,1
281,277,278.0,1
281,283,288.0,5
281,289,290.0,1
281,293,297.0,4
281,298,301.0,3
281,304,306.0,2
281,307,309.0,2
281,311,314.0,3
282,105,106.0,1
282,160,161.0,1
282,183,184.0,1
282,185,186.0,1
282,187,190.0,3
282,265,266.0,1
282,322,324.0,2
282,348,349.0,1
282,350,351.0,1
282,352,353.0,1
282,354,355.0,1
283,32,33.0,1
283,52,53.0,1
283,54,56.0,2
283,92,94.0,2
283,108,109.0,1
283,111,112.0,1
283,113,116.0,3
283,120,121.0,1
283,123,124.0,1
283,125,126.0,1
283,165,169.0,4
283,272,273.0,1
283,276,277.0,1
283,278,279.0,1
283,280,291.0,11
283,325,328.0,3
283,367,368.0,1
284,89,91.0,2
284,108,109.0,1
284,111,112.0,1
284,166,167.0,1
284,169,171.0,2
284,184,186.0,2
284,189,191.0,2
284,216,227.0,11
284,228,229.0,1
284,231,232.0,1
284,308,319.0,11
284,617,619.0,2
285,103,104.0,1
285,109,115.0,6
285,116,117.0,1
285,119,120.0,1
285,121,122.0,1
285,124,125.0,1
285,126,127.0,1
285,128,135.0,7
285,139,140.0,1
285,141,142.0,1
285,152,153.0,1
285,178,182.0,4
285,184,186.0,2
285,196,197.0,1
285,208,223.0,15
285,259,260.0,1
285,305,306.0,1
285,309,312.0,3
286,67,68.0,1
286,69,71.0,2
286,78,81.0,3
286,89,90.0,1
286,91,92.0,1
286,102,105.0,3
286,112,113.0,1
286,144,145.0,1
286,147,149.0,2
286,163,164.0,1
286,165,166.0,1
286,168,169.0,1
286,211,212.0,1
286,233,235.0,2
286,503,505.0,2
286,508,510.0,2
286,820,822.0,2
287,75,78.0,3
287,80,84.0,4
287,116,117.0,1
287,129,144.0,15
287,287,296.0,9
288,70,72.0,2
289,104,106.0,2
289,184,185.0,1
289,186,194.0,8
289,195,196.0,1
289,197,198.0,1
289,199,200.0,1
289,201,202.0,1
289,203,204.0,1
289,205,206.0,1
289,208,209.0,1
290,36,42.0,6
290,180,188.0,8
291,61,65.0,4
291,74,79.0,5
291,101,104.0,3
291,186,187.0,1
291,189,191.0,2
292,52,54.0,2
292,80,81.0,1
293,43,47.0,4
293,68,71.0,3
293,80,82.0,2
293,350,355.0,5
294,55,56.0,1
294,58,59.0,1
294,357,358.0,1
295,34,35.0,1
295,52,53.0,1
295,191,192.0,1
295,196,198.0,2
296,29,34.0,5
296,163,166.0,3
296,170,174.0,4
296,235,239.0,4
297,50,51.0,1
297,54,59.0,5
297,60,64.0,4
297,68,74.0,6
297,75,76.0,1
297,91,92.0,1
297,97,98.0,1
297,103,104.0,1
297,106,112.0,6
297,114,115.0,1
297,142,143.0,1
297,145,150.0,5
297,159,176.0,17
297,179,185.0,6
297,188,215.0,27
297,218,243.0,25
297,244,258.0,14
297,261,286.0,25
297,693,694.0,1
298,177,184.0,7
298,199,200.0,1
298,204,206.0,2
298,220,221.0,1
299,166,167.0,1
300,106,108.0,2
300,217,231.0,14
300,268,269.0,1
300,271,273.0,2
300,309,316.0,7
301,52,53.0,1
301,180,181.0,1
301,182,183.0,1
301,255,256.0,1
301,328,329.0,1
302,138,139.0,1
302,154,157.0,3
302,159,160.0,1
303,196,197.0,1
303,225,228.0,3
304,95,102.0,7
304,144,145.0,1
304,209,214.0,5
304,355,356.0,1
305,27,28.0,1
305,30,31.0,1
305,104,120.0,16
305,150,151.0,1
305,201,202.0,1
305,294,297.0,3
305,314,315.0,1
305,395,397.0,2
305,401,402.0,1
306,37,42.0,5
306,46,48.0,2
306,66,67.0,1
306,207,209.0,2
306,210,211.0,1
306,282,283.0,1
306,284,285.0,1
306,286,288.0,2
306,586,588.0,2
306,590,593.0,3
307,76,77.0,1
307,79,80.0,1
308,100,105.0,5
308,107,108.0,1
308,109,110.0,1
308,117,119.0,2
308,223,224.0,1
308,225,226.0,1
308,229,230.0,1
308,234,236.0,2
308,239,240.0,1
308,244,245.0,1
308,246,247.0,1
308,250,251.0,1
308,252,253.0,1
308,257,259.0,2
308,269,271.0,2
309,103,104.0,1
309,159,161.0,2
309,163,164.0,1
309,172,175.0,3
309,177,179.0,2
309,216,217.0,1
309,221,222.0,1
310,44,45.0,1
310,117,120.0,3
310,125,126.0,1
310,127,128.0,1
310,268,269.0,1
310,270,272.0,2
310,273,274.0,1
310,275,281.0,6
310,282,287.0,5
310,288,289.0,1
310,290,291.0,1
310,292,294.0,2
310,301,302.0,1
310,305,306.0,1
310,309,310.0,1
310,311,312.0,1
310,313,314.0,1
310,316,317.0,1
310,318,319.0,1
310,327,328.0,1
310,351,352.0,1
310,356,359.0,3
310,361,362.0,1
311,32,35.0,3
311,36,37.0,1
311,48,51.0,3
311,112,116.0,4
311,131,132.0,1
311,135,136.0,1
311,159,161.0,2
311,175,176.0,1
311,185,186.0,1
311,187,197.0,10
311,199,200.0,1
311,209,210.0,1
311,222,241.0,19
311,259,261.0,2
311,265,272.0,7
311,274,275.0,1
311,543,544.0,1
311,615,617.0,2
311,622,623.0,1
312,89,90.0,1
312,155,156.0,1
312,171,172.0,1
312,173,176.0,3
312,178,182.0,4
312,310,313.0,3
312,339,343.0,4
312,344,347.0,3
312,348,349.0,1
312,350,360.0,10
313,56,58.0,2
313,101,102.0,1
313,103,105.0,2
314,69,70.0,1
314,71,72.0,1
314,73,75.0,2
314,79,96.0,17
314,136,137.0,1
314,144,145.0,1
314,146,147.0,1
314,155,156.0,1
314,165,166.0,1
314,354,355.0,1
314,356,357.0,1
315,26,28.0,2
315,30,32.0,2
315,34,39.0,5
315,79,80.0,1
315,113,114.0,1
315,244,246.0,2
316,137,138.0,1
316,140,141.0,1
316,149,150.0,1
316,152,156.0,4
316,178,191.0,13
316,193,194.0,1
316,196,202.0,6
316,206,207.0,1
316,209,210.0,1
316,212,213.0,1
316,214,215.0,1
316,305,306.0,1
316,366,369.0,3
316,409,410.0,1
316,411,417.0,6
316,692,695.0,3
317,65,68.0,3
317,136,141.0,5
318,42,44.0,2
318,61,67.0,6
318,228,237.0,9
318,801,802.0,1
318,810,812.0,2
319,58,59.0,1
319,61,62.0,1
319,92,93.0,1
319,94,95.0,1
319,96,97.0,1
319,100,101.0,1
319,120,123.0,3
319,172,173.0,1
319,174,181.0,7
319,182,191.0,9
319,235,238.0,3
319,239,241.0,2
319,242,245.0,3
319,246,249.0,3
319,250,251.0,1
319,252,253.0,1
319,254,255.0,1
319,256,257.0,1
319,258,260.0,2
319,262,263.0,1
319,264,265.0,1
319,266,267.0,1
319,297,298.0,1
319,310,314.0,4
319,318,319.0,1
319,387,389.0,2
319,390,394.0,4
319,395,396.0,1
319,398,400.0,2
319,401,402.0,1
319,403,404.0,1
319,407,408.0,1
319,409,410.0,1
319,411,412.0,1
319,413,414.0,1
319,415,416.0,1
319,417,418.0,1
319,419,420.0,1
319,421,422.0,1
319,423,426.0,3
319,428,429.0,1
319,430,431.0,1
319,432,,0
320,64,71.0,7
320,101,106.0,5
320,197,198.0,1
320,199,204.0,5
320,205,206.0,1
320,216,218.0,2
320,226,231.0,5
320,236,239.0,3
320,343,349.0,6
321,83,87.0,4
321,247,248.0,1
321,249,253.0,4
322,51,53.0,2
322,59,64.0,5
322,67,68.0,1
322,157,161.0,4
322,291,292.0,1
322,464,469.0,5
323,66,67.0,1
323,69,71.0,2
323,73,82.0,9
323,99,100.0,1
323,119,120.0,1
323,121,125.0,4
323,127,128.0,1
323,143,144.0,1
323,146,147.0,1
323,158,159.0,1
323,162,163.0,1
323,164,165.0,1
323,166,168.0,2
323,179,183.0,4
323,184,190.0,6
323,192,195.0,3
323,228,239.0,11
323,240,282.0,42
323,335,392.0,57
323,397,575.0,178
323,627,,0
324,117,118.0,1
324,120,122.0,2
324,227,229.0,2
324,355,356.0,1
324,783,794.0,11
325,34,37.0,3
325,122,138.0,16
325,144,147.0,3
325,172,175.0,3
325,238,241.0,3
325,287,288.0,1
325,289,292.0,3
326,34,35.0,1
326,86,90.0,4
326,118,121.0,3
326,124,125.0,1
326,126,127.0,1
326,133,135.0,2
326,141,142.0,1
326,143,149.0,6
326,156,157.0,1
326,159,160.0,1
326,161,162.0,1
326,164,165.0,1
326,167,168.0,1
326,249,250.0,1
326,251,252.0,1
326,255,256.0,1
326,268,275.0,7
326,276,277.0,1
326,279,280.0,1
326,281,282.0,1
326,283,284.0,1
326,289,290.0,1
326,291,292.0,1
326,299,300.0,1
327,25,32.0,7
327,59,61.0,2
327,63,65.0,2
327,160,171.0,11
327,174,175.0,1
327,176,183.0,7
327,190,191.0,1
327,266,267.0,1
327,275,281.0,6
328,56,62.0,6
328,64,66.0,2
328,68,70.0,2
328,79,82.0,3
328,83,85.0,2
328,86,87.0,1
328,94,95.0,1
328,110,111.0,1
328,182,183.0,1
328,184,192.0,8
328,795,797.0,2
328,818,819.0,1
328,822,823.0,1
328,824,825.0,1
328,827,828.0,1
328,830,831.0,1
328,832,833.0,1
328,836,837.0,1
328,842,843.0,1
328,846,847.0,1
328,848,849.0,1
328,851,852.0,1
328,856,857.0,1
329,33,34.0,1
329,65,66.0,1
329,152,153.0,1
329,157,158.0,1
329,159,160.0,1
329,162,163.0,1
329,165,166.0,1
329,169,172.0,3
329,412,413.0,1
329,419,420.0,1
330,21,22.0,1
330,86,87.0,1
330,89,112.0,23
330,116,118.0,2
330,124,125.0,1
330,128,132.0,4
330,133,156.0,23
330,198,202.0,4
330,241,249.0,8
330,250,254.0,4
330,260,261.0,1
330,276,277.0,1
330,301,302.0,1
330,303,315.0,12
330,317,318.0,1
330,346,347.0,1
330,413,422.0,9
330,423,424.0,1
330,426,428.0,2
331,31,39.0,8
331,58,59.0,1
331,60,64.0,4
331,65,66.0,1
331,80,92.0,12
331,93,94.0,1
331,95,96.0,1
331,97,101.0,4
331,109,111.0,2
331,128,136.0,8
331,214,216.0,2
331,217,218.0,1
331,219,220.0,1
331,221,225.0,4
331,226,227.0,1
331,229,231.0,2
331,232,233.0,1
331,237,238.0,1
331,300,301.0,1
332,93,94.0,1
332,148,151.0,3
332,195,196.0,1
332,583,587.0,4
333,140,141.0,1
333,143,149.0,6
333,153,157.0,4
333,243,263.0,20
334,27,28.0,1
334,107,108.0,1
334,124,125.0,1
334,131,133.0,2
334,135,137.0,2
334,144,145.0,1
334,153,154.0,1
334,155,157.0,2
334,184,186.0,2
335,25,39.0,14
335,44,45.0,1
335,58,59.0,1
335,60,62.0,2
335,79,81.0,2
335,124,128.0,4
335,147,148.0,1
335,150,151.0,1
335,152,161.0,9
335,162,163.0,1
335,202,205.0,3
335,218,221.0,3
335,267,269.0,2
335,311,314.0,3
335,322,323.0,1
335,324,327.0,3
336,53,57.0,4
336,60,62.0,2
336,99,100.0,1
336,172,174.0,2
336,229,231.0,2
336,407,408.0,1
336,471,472.0,1
337,38,40.0,2
338,106,107.0,1
338,162,163.0,1
338,171,184.0,13
338,197,198.0,1
338,219,222.0,3
338,272,274.0,2
339,78,79.0,1
339,94,97.0,3
339,101,114.0,13
339,116,117.0,1
339,122,125.0,3
339,144,145.0,1
339,147,148.0,1
339,211,212.0,1
339,314,343.0,29
340,106,109.0,3
340,110,111.0,1
340,140,141.0,1
340,143,147.0,4
340,321,322.0,1
340,323,324.0,1
340,325,326.0,1
340,418,419.0,1
341,68,69.0,1
341,83,84.0,1
341,86,89.0,3
341,113,114.0,1
341,193,195.0,2
342,56,61.0,5
342,141,143.0,2
342,249,250.0,1
342,251,252.0,1
342,253,254.0,1
342,484,485.0,1
342,486,489.0,3
342,504,505.0,1
343,167,168.0,1
343,176,179.0,3
343,223,224.0,1
343,257,261.0,4
343,629,630.0,1
343,631,632.0,1
343,634,635.0,1
343,638,639.0,1
343,648,649.0,1
343,718,719.0,1
343,720,721.0,1
343,722,723.0,1
344,26,53.0,27
344,54,56.0,2
344,57,64.0,7
344,66,74.0,8
344,76,77.0,1
344,113,117.0,4
344,139,140.0,1
344,142,146.0,4
344,147,148.0,1
344,175,176.0,1
344,197,198.0,1
345,84,87.0,3
345,88,89.0,1
345,90,97.0,7
345,102,103.0,1
345,112,115.0,3
345,123,124.0,1
345,125,127.0,2
345,142,146.0,4
345,175,177.0,2
345,196,197.0,1
345,198,200.0,2
345,205,208.0,3
346,64,66.0,2
346,114,118.0,4
346,123,125.0,2
346,194,195.0,1
346,200,204.0,4
347,57,58.0,1
347,116,119.0,3
347,124,125.0,1
347,126,127.0,1
347,135,136.0,1
347,142,143.0,1
347,144,146.0,2
347,147,148.0,1
347,153,155.0,2
348,29,30.0,1
348,32,33.0,1
348,89,92.0,3
348,94,95.0,1
348,111,112.0,1
348,116,118.0,2
348,139,142.0,3
348,176,179.0,3
348,186,189.0,3
348,194,198.0,4
348,205,212.0,7
348,222,223.0,1
348,231,233.0,2
348,234,235.0,1
348,237,238.0,1
348,239,240.0,1
348,568,569.0,1
348,575,576.0,1
348,580,581.0,1
349,29,33.0,4
349,34,39.0,5
349,71,72.0,1
349,335,336.0,1
349,337,339.0,2
349,491,492.0,1
349,502,503.0,1
349,558,559.0,1
349,573,574.0,1
349,720,721.0,1
350,68,71.0,3
350,115,116.0,1
350,118,119.0,1
350,134,135.0,1
350,189,190.0,1
350,257,258.0,1
350,259,260.0,1
350,261,262.0,1
350,315,316.0,1
350,317,318.0,1
350,319,320.0,1
350,326,327.0,1
350,329,330.0,1
350,338,339.0,1
350,355,356.0,1
350,357,358.0,1
350,359,360.0,1
350,414,415.0,1
350,417,418.0,1
350,421,422.0,1
350,423,424.0,1
350,425,427.0,2
350,430,431.0,1
351,85,86.0,1
351,263,264.0,1
351,291,292.0,1
351,337,338.0,1
352,204,211.0,7
352,215,217.0,2
352,233,234.0,1
352,239,240.0,1
352,241,242.0,1
352,251,253.0,2
352,257,258.0,1
352,771,772.0,1
352,797,800.0,3
353,64,67.0,3
353,75,76.0,1
353,118,120.0,2
353,121,123.0,2
353,126,129.0,3
353,151,152.0,1
353,891,892.0,1
353,895,897.0,2
354,50,51.0,1
354,52,58.0,6
354,59,60.0,1
354,143,144.0,1
354,145,147.0,2
354,171,172.0,1
354,308,511.0,203
354,512,616.0,104
354,617,815.0,198
354,816,922.0,106
355,24,42.0,18
355,43,63.0,20
355,68,93.0,25
355,94,96.0,2
355,107,108.0,1
355,123,126.0,3
356,34,35.0,1
356,83,85.0,2
357,71,74.0,3
357,206,250.0,44
357,251,252.0,1
357,793,,0
358,158,160.0,2
358,167,168.0,1
359,185,186.0,1
360,82,83.0,1
360,86,87.0,1
360,89,90.0,1
360,100,101.0,1
360,104,105.0,1
360,115,116.0,1
360,153,154.0,1
360,197,198.0,1
360,211,216.0,5
360,266,267.0,1
360,285,286.0,1
360,292,293.0,1
360,309,310.0,1
360,315,316.0,1
360,354,358.0,4
360,359,360.0,1
360,361,363.0,2
360,390,391.0,1
360,395,396.0,1
360,398,399.0,1
361,69,72.0,3
361,81,82.0,1
361,120,121.0,1
361,124,125.0,1
361,130,131.0,1
361,146,147.0,1
361,185,186.0,1
361,304,305.0,1
362,62,64.0,2
362,172,175.0,3
362,232,233.0,1
362,234,236.0,2
363,119,120.0,1
364,30,32.0,2
364,442,444.0,2
364,554,563.0,9
364,601,603.0,2
365,69,75.0,6
365,134,141.0,7
365,166,167.0,1
365,173,176.0,3
365,179,180.0,1
365,187,227.0,40
365,228,239.0,11
365,258,259.0,1
366,26,32.0,6
366,51,54.0,3
366,58,68.0,10
366,69,71.0,2
366,74,75.0,1
366,77,78.0,1
366,79,81.0,2
366,89,102.0,13
366,108,142.0,34
366,196,197.0,1
366,213,214.0,1
366,682,683.0,1
367,69,71.0,2
367,233,234.0,1
367,262,268.0,6
367,271,272.0,1
367,275,276.0,1
367,277,278.0,1
367,279,281.0,2
367,282,292.0,10
367,295,296.0,1
367,303,309.0,6
367,311,312.0,1
367,313,318.0,5
367,330,331.0,1
367,332,335.0,3
367,336,337.0,1
367,351,352.0,1
367,353,354.0,1
367,355,356.0,1
367,357,358.0,1
367,360,376.0,16
367,386,410.0,24
367,426,429.0,3
367,433,435.0,2
367,450,468.0,18
367,469,470.0,1
367,471,472.0,1
367,473,475.0,2
367,476,477.0,1
367,478,500.0,22
367,501,503.0,2
367,504,521.0,17
367,522,523.0,1
367,525,540.0,15
367,541,544.0,3
367,545,546.0,1
367,547,548.0,1
367,549,550.0,1
367,551,552.0,1
367,553,562.0,9
367,563,584.0,21
367,585,603.0,18
367,604,606.0,2
368,73,74.0,1
368,75,76.0,1
368,82,86.0,4
368,927,928.0,1
369,43,47.0,4
369,110,112.0,2
369,128,129.0,1
369,138,139.0,1
369,140,146.0,6
369,194,195.0,1
370,55,56.0,1
370,61,66.0,5
370,88,89.0,1
370,98,100.0,2
370,114,116.0,2
370,153,156.0,3
370,159,171.0,12
370,173,175.0,2
370,190,191.0,1
370,192,195.0,3
371,96,97.0,1
371,98,99.0,1
371,184,185.0,1
372,31,32.0,1
372,48,49.0,1
372,51,53.0,2
372,105,107.0,2
372,109,110.0,1
372,138,140.0,2
372,144,145.0,1
372,146,147.0,1
373,52,53.0,1
373,73,74.0,1
373,79,80.0,1
373,169,170.0,1
373,171,172.0,1
373,182,184.0,2
374,90,91.0,1
374,108,110.0,2
374,136,137.0,1
374,179,180.0,1
374,187,323.0,136
374,329,336.0,7
374,338,340.0,2
374,342,344.0,2
374,364,371.0,7
374,393,394.0,1
374,402,403.0,1
375,29,33.0,4
375,57,59.0,2
375,62,63.0,1
375,64,67.0,3
375,86,87.0,1
375,118,121.0,3
375,122,246.0,124
375,249,253.0,4
375,255,256.0,1
375,262,263.0,1
375,264,276.0,12
376,46,49.0,3
376,57,58.0,1
376,86,87.0,1
376,105,106.0,1
376,108,112.0,4
376,113,114.0,1
376,116,120.0,4
376,129,136.0,7
377,40,41.0,1
377,47,49.0,2
377,50,51.0,1
377,52,55.0,3
377,103,104.0,1
378,93,94.0,1
378,202,203.0,1
378,209,211.0,2
378,218,219.0,1
378,220,222.0,2
378,236,244.0,8
378,325,328.0,3
379,101,104.0,3
379,105,106.0,1
379,160,168.0,8
379,210,211.0,1
380,83,85.0,2
380,132,134.0,2
380,158,159.0,1
380,160,161.0,1
380,250,254.0,4
381,85,88.0,3
381,91,99.0,8
381,100,103.0,3
381,111,112.0,1
381,135,139.0,4
381,252,253.0,1
382,179,180.0,1
382,181,183.0,2
382,200,201.0,1
383,22,24.0,2
383,78,80.0,2
383,81,82.0,1
383,84,85.0,1
383,95,96.0,1
383,97,123.0,26
383,124,135.0,11
383,138,154.0,16
383,156,163.0,7
383,167,168.0,1
383,170,171.0,1
383,172,173.0,1
383,174,178.0,4
383,228,229.0,1
383,230,231.0,1
383,233,234.0,1
383,327,330.0,3
384,66,67.0,1
384,85,86.0,1
384,133,137.0,4
384,148,149.0,1
384,155,165.0,10
384,256,257.0,1
384,259,260.0,1
385,46,50.0,4
385,61,62.0,1
385,107,108.0,1
385,111,113.0,2
385,194,195.0,1
386,98,99.0,1
386,100,102.0,2
386,109,120.0,11
386,125,126.0,1
386,129,131.0,2
386,134,149.0,15
386,152,166.0,14
386,190,191.0,1
386,255,256.0,1
387,29,30.0,1
387,34,35.0,1
387,81,83.0,2
387,84,85.0,1
387,102,106.0,4
388,104,108.0,4
388,137,139.0,2
388,165,166.0,1
388,169,171.0,2
388,202,208.0,6
388,209,210.0,1
388,211,212.0,1
388,213,214.0,1
388,215,218.0,3
388,251,268.0,17
388,269,270.0,1
388,273,277.0,4
388,278,279.0,1
388,282,283.0,1
388,284,285.0,1
388,286,300.0,14
389,80,81.0,1
389,285,286.0,1
389,311,312.0,1
389,338,340.0,2
390,58,60.0,2
390,101,102.0,1
390,103,107.0,4
390,166,167.0,1
390,169,170.0,1
390,437,438.0,1
390,518,522.0,4
390,530,535.0,5
390,538,539.0,1
390,540,542.0,2
390,545,546.0,1
390,547,551.0,4
390,560,561.0,1
390,562,563.0,1
390,636,637.0,1
390,638,639.0,1
390,640,641.0,1
390,647,648.0,1
390,649,655.0,6
390,743,744.0,1
390,747,748.0,1
390,749,750.0,1
390,751,752.0,1
390,753,754.0,1
390,755,756.0,1
390,905,906.0,1
390,907,908.0,1
390,975,976.0,1
391,57,67.0,10
391,70,71.0,1
391,75,77.0,2
391,79,81.0,2
391,161,327.0,166
391,329,330.0,1
391,352,354.0,2
391,390,391.0,1
392,72,80.0,8
392,81,82.0,1
392,114,117.0,3
392,120,126.0,6
392,225,228.0,3
392,261,262.0,1
392,346,347.0,1
392,350,351.0,1
392,857,858.0,1
393,45,50.0,5
393,74,75.0,1
393,77,89.0,12
393,189,190.0,1
393,191,192.0,1
393,193,194.0,1
393,195,196.0,1
393,200,201.0,1
393,205,207.0,2
393,345,346.0,1
393,347,348.0,1
393,943,945.0,2
393,946,948.0,2
393,949,950.0,1
393,952,953.0,1
393,954,956.0,2
393,957,961.0,4
393,964,975.0,11
393,976,,0
394,132,133.0,1
394,158,159.0,1
394,242,247.0,5
394,467,468.0,1
394,469,470.0,1
395,103,104.0,1
395,107,110.0,3
395,130,131.0,1
395,162,163.0,1
395,262,263.0,1
395,265,267.0,2
395,268,269.0,1
395,270,271.0,1
396,120,125.0,5
396,128,129.0,1
396,133,134.0,1
396,135,178.0,43
396,183,190.0,7
396,191,197.0,6
396,480,481.0,1
396,482,483.0,1
397,205,206.0,1
397,209,211.0,2
397,215,232.0,17
397,334,338.0,4
397,340,341.0,1
397,342,343.0,1
397,344,345.0,1
397,460,462.0,2
397,477,478.0,1
397,479,480.0,1
398,42,45.0,3
398,96,97.0,1
398,133,134.0,1
398,135,136.0,1
398,181,182.0,1
399,30,31.0,1
399,40,50.0,10
399,52,55.0,3
399,86,89.0,3
399,90,91.0,1
399,95,97.0,2
399,99,100.0,1
399,127,142.0,15
399,144,146.0,2
399,147,148.0,1
399,154,156.0,2
399,216,217.0,1
399,219,220.0,1
399,222,224.0,2
399,227,234.0,7
399,235,236.0,1
399,238,246.0,8
399,338,339.0,1
399,340,343.0,3
399,344,345.0,1
400,87,88.0,1
400,89,90.0,1
400,148,149.0,1
400,150,151.0,1
400,158,159.0,1
400,160,163.0,3
400,166,167.0,1
400,181,187.0,6
400,201,206.0,5
400,299,300.0,1
401,58,62.0,4
401,116,120.0,4
401,153,164.0,11
401,247,253.0,6
401,254,255.0,1
401,264,265.0,1
401,290,292.0,2
401,298,299.0,1
401,300,302.0,2
401,311,412.0,101
401,473,481.0,8
401,491,492.0,1
401,493,,0
402,116,122.0,6
403,54,55.0,1
403,59,64.0,5
403,73,75.0,2
403,81,82.0,1
403,101,103.0,2
403,109,110.0,1
403,129,138.0,9
403,149,150.0,1
403,152,156.0,4
403,165,168.0,3
403,176,177.0,1
403,179,180.0,1
403,182,183.0,1
403,185,189.0,4
403,190,194.0,4
403,197,198.0,1
403,201,203.0,2
403,207,208.0,1
403,228,229.0,1
403,234,236.0,2
403,243,244.0,1
403,245,246.0,1
403,260,261.0,1
403,280,281.0,1
403,284,285.0,1
403,297,298.0,1
403,300,302.0,2
403,325,326.0,1
403,443,444.0,1
403,653,654.0,1
403,769,770.0,1
404,84,99.0,15
404,158,159.0,1
405,77,78.0,1
405,146,149.0,3
405,223,225.0,2
405,230,235.0,5
405,240,242.0,2
405,290,292.0,2
406,42,43.0,1
406,45,48.0,3
406,322,323.0,1
407,24,27.0,3
407,81,87.0,6
407,88,90.0,2
407,131,135.0,4
407,140,141.0,1
407,195,211.0,16
407,213,217.0,4
407,219,222.0,3
408,212,213.0,1
408,219,220.0,1
408,221,222.0,1
408,223,224.0,1
408,463,464.0,1
409,60,61.0,1
409,69,71.0,2
409,73,74.0,1
409,75,76.0,1
409,78,79.0,1
409,165,166.0,1
409,174,175.0,1
409,196,199.0,3
409,239,321.0,82
409,322,324.0,2
409,396,,0
410,101,102.0,1
410,132,134.0,2
410,135,136.0,1
410,137,138.0,1
410,146,147.0,1
411,114,123.0,9
411,145,146.0,1
411,148,160.0,12
411,745,746.0,1
412,99,102.0,3
412,119,123.0,4
412,128,129.0,1
412,135,137.0,2
412,139,140.0,1
412,151,153.0,2
412,183,187.0,4
412,217,222.0,5
412,247,248.0,1
413,32,34.0,2
413,78,84.0,6
413,139,140.0,1
413,142,143.0,1
413,150,157.0,7
413,177,179.0,2
413,180,191.0,11
413,192,198.0,6
413,254,255.0,1
413,256,261.0,5
413,262,263.0,1
413,278,280.0,2
414,38,39.0,1
414,155,158.0,3
414,159,160.0,1
414,162,163.0,1
414,217,272.0,55
414,274,276.0,2
414,277,278.0,1
414,279,280.0,1
414,346,347.0,1
415,126,128.0,2
415,129,130.0,1
415,264,267.0,3
415,760,761.0,1
415,788,789.0,1
415,792,793.0,1
415,794,795.0,1
415,796,797.0,1
415,798,799.0,1
416,22,24.0,2
416,37,42.0,5
416,95,96.0,1
416,98,102.0,4
416,142,144.0,2
416,145,147.0,2
416,149,150.0,1
416,151,155.0,4
417,36,42.0,6
417,43,52.0,9
417,55,61.0,6
417,68,69.0,1
417,70,73.0,3
417,86,88.0,2
417,92,99.0,7
417,140,141.0,1
417,142,143.0,1
417,145,147.0,2
417,148,149.0,1
417,234,264.0,30
417,382,383.0,1
417,384,385.0,1
417,386,387.0,1
417,388,389.0,1
417,390,391.0,1
418,22,27.0,5
418,100,101.0,1
418,187,188.0,1
419,105,106.0,1
419,107,108.0,1
419,109,110.0,1
419,113,114.0,1
419,133,135.0,2
419,136,137.0,1
419,138,140.0,2
420,73,75.0,2
420,80,82.0,2
420,85,88.0,3
420,89,97.0,8
420,121,122.0,1
420,127,136.0,9
420,137,138.0,1
420,139,144.0,5
420,162,163.0,1
420,174,179.0,5
420,181,190.0,9
420,194,196.0,2
420,207,215.0,8
420,221,225.0,4
420,227,228.0,1
420,229,231.0,2
420,236,239.0,3
420,277,278.0,1
420,280,282.0,2
420,310,346.0,36
420,347,349.0,2
420,352,353.0,1
420,439,440.0,1
421,62,63.0,1
421,68,69.0,1
421,90,93.0,3
422,79,81.0,2
422,113,114.0,1
422,179,181.0,2
422,245,247.0,2
422,250,258.0,8
422,259,264.0,5
422,265,268.0,3
422,269,331.0,62
422,365,375.0,10
422,410,412.0,2
422,414,418.0,4
422,426,443.0,17
422,459,460.0,1
422,470,475.0,5
422,476,479.0,3
422,481,483.0,2
422,485,488.0,3
422,490,,0
423,87,88.0,1
423,123,124.0,1
423,127,128.0,1
423,131,132.0,1
423,134,135.0,1
423,136,137.0,1
423,228,231.0,3
423,277,278.0,1
423,280,281.0,1
424,29,60.0,31
424,80,84.0,4
424,86,87.0,1
424,88,91.0,3
424,95,99.0,4
424,125,126.0,1
424,300,302.0,2
424,322,325.0,3
425,36,37.0,1
425,144,145.0,1
425,170,171.0,1
425,382,383.0,1
425,682,683.0,1
426,175,176.0,1
427,132,135.0,3
427,264,265.0,1
427,335,338.0,3
428,51,53.0,2
428,86,94.0,8
428,678,679.0,1
429,69,72.0,3
429,75,76.0,1
429,90,104.0,14
429,134,135.0,1
429,204,206.0,2
429,234,237.0,3
429,249,250.0,1
429,252,268.0,16
429,271,272.0,1
429,273,274.0,1
429,278,281.0,3
429,282,283.0,1
429,285,300.0,15
429,309,310.0,1
430,31,33.0,2
430,64,65.0,1
430,66,67.0,1
430,74,75.0,1
430,102,104.0,2
430,150,151.0,1
430,152,166.0,14
430,198,199.0,1
430,207,208.0,1
430,211,212.0,1
431,26,27.0,1
431,30,31.0,1
431,81,84.0,3
431,115,131.0,16
431,253,273.0,20
431,274,276.0,2
431,354,355.0,1
432,92,94.0,2
432,104,105.0,1
432,106,114.0,8
432,201,202.0,1
432,204,205.0,1
432,206,207.0,1
432,233,234.0,1
433,24,28.0,4
433,36,37.0,1
433,209,240.0,31
433,292,294.0,2
434,191,194.0,3
435,52,53.0,1
435,73,76.0,3
435,101,109.0,8
435,142,143.0,1
435,144,145.0,1
435,150,151.0,1
435,155,156.0,1
435,164,269.0,105
435,270,273.0,3
435,320,321.0,1
435,392,,0
436,88,102.0,14
436,162,163.0,1
436,166,167.0,1
436,169,170.0,1
436,171,172.0,1
436,173,174.0,1
436,180,184.0,4
437,30,34.0,4
437,104,105.0,1
437,142,144.0,2
437,146,147.0,1
437,153,157.0,4
438,143,158.0,15
439,222,223.0,1
439,226,227.0,1
439,243,244.0,1
439,245,246.0,1
440,53,70.0,17
440,71,72.0,1
440,78,79.0,1
440,82,84.0,2
440,188,192.0,4
440,217,218.0,1
440,229,232.0,3
440,233,235.0,2
440,249,252.0,3
440,253,255.0,2
440,279,283.0,4
440,548,549.0,1
440,568,570.0,2
441,41,43.0,2
441,72,73.0,1
441,102,103.0,1
441,133,134.0,1
441,168,177.0,9
441,181,182.0,1
441,183,184.0,1
442,52,57.0,5
442,113,114.0,1
442,154,155.0,1
442,164,165.0,1
442,168,169.0,1
442,199,203.0,4
442,214,218.0,4
442,434,436.0,2
442,532,533.0,1
443,89,90.0,1
443,91,93.0,2
443,103,104.0,1
443,105,106.0,1
443,107,108.0,1
443,112,117.0,5
443,158,165.0,7
443,189,190.0,1
443,274,275.0,1
444,37,38.0,1
444,97,98.0,1
444,99,100.0,1
444,101,104.0,3
444,129,131.0,2
444,132,134.0,2
444,236,237.0,1
444,299,300.0,1
444,790,791.0,1
444,808,809.0,1
445,25,30.0,5
445,31,37.0,6
445,38,40.0,2
445,50,53.0,3
445,91,97.0,6
445,99,103.0,4
445,278,279.0,1
445,280,283.0,3
446,24,25.0,1
446,36,44.0,8
446,50,65.0,15
446,161,162.0,1
446,210,211.0,1
446,217,219.0,2
446,220,224.0,4
446,225,226.0,1
446,227,243.0,16
446,246,247.0,1
446,250,251.0,1
446,293,294.0,1
446,296,297.0,1
446,300,301.0,1
446,329,330.0,1
446,343,344.0,1
446,438,441.0,3
446,442,443.0,1
446,444,445.0,1
446,471,472.0,1
446,496,497.0,1
446,498,499.0,1
446,535,536.0,1
446,545,549.0,4
446,550,557.0,7
446,558,565.0,7
446,566,567.0,1
446,568,576.0,8
446,579,586.0,7
446,589,593.0,4
446,652,653.0,1
446,654,656.0,2
446,657,658.0,1
447,52,54.0,2
447,65,66.0,1
448,86,87.0,1
448,103,107.0,4
448,145,146.0,1
448,147,148.0,1
448,197,200.0,3
450,94,96.0,2
450,104,107.0,3
450,148,149.0,1
450,160,161.0,1
450,162,163.0,1
450,165,166.0,1
450,170,172.0,2
450,177,181.0,4
450,282,283.0,1
450,766,767.0,1
451,32,49.0,17
451,57,59.0,2
451,68,94.0,26
451,139,145.0,6
451,174,175.0,1
451,180,181.0,1
451,204,205.0,1
451,235,238.0,3
452,26,30.0,4
452,31,39.0,8
452,41,74.0,33
452,275,276.0,1
452,453,454.0,1
452,457,458.0,1
452,460,461.0,1
452,735,736.0,1
453,35,37.0,2
453,149,150.0,1
453,157,158.0,1
453,170,197.0,27
453,201,202.0,1
453,256,258.0,2
453,301,302.0,1
453,304,307.0,3
453,318,319.0,1
453,322,329.0,7
453,332,338.0,6
453,342,345.0,3
453,367,368.0,1
454,73,75.0,2
454,77,78.0,1
454,101,105.0,4
454,200,231.0,31
454,283,293.0,10
454,413,414.0,1
454,945,947.0,2
454,953,954.0,1
454,955,956.0,1
454,969,970.0,1
454,971,972.0,1
454,973,974.0,1
454,975,976.0,1
454,977,978.0,1
454,979,980.0,1
454,984,986.0,2
455,38,40.0,2
455,98,99.0,1
455,106,107.0,1
456,97,99.0,2
456,136,138.0,2
456,151,152.0,1
456,187,188.0,1
456,193,195.0,2
456,198,202.0,4
456,222,223.0,1
456,232,361.0,129
457,55,57.0,2
457,62,63.0,1
457,65,71.0,6
457,83,91.0,8
457,99,100.0,1
457,115,116.0,1
457,143,144.0,1
457,173,174.0,1
457,176,177.0,1
457,182,183.0,1
457,184,185.0,1
458,27,31.0,4
458,67,68.0,1
458,85,86.0,1
458,87,93.0,6
458,94,95.0,1
458,96,98.0,2
458,100,101.0,1
458,136,143.0,7
458,144,146.0,2
458,164,168.0,4
458,349,350.0,1
458,352,357.0,5
458,358,361.0,3
459,135,136.0,1
459,138,144.0,6
459,145,146.0,1
459,160,161.0,1
459,163,166.0,3
459,177,178.0,1
460,54,55.0,1
460,67,74.0,7
460,138,139.0,1
460,159,160.0,1
461,79,83.0,4
461,91,93.0,2
461,100,102.0,2
461,111,120.0,9
461,125,126.0,1
461,160,161.0,1
461,162,163.0,1
461,247,254.0,7
461,260,261.0,1
461,262,264.0,2
462,386,387.0,1
462,407,408.0,1
462,622,623.0,1
462,626,627.0,1
462,628,629.0,1
463,194,200.0,6
463,251,252.0,1
463,412,416.0,4
464,33,34.0,1
464,95,98.0,3
464,106,107.0,1
464,134,135.0,1
464,138,139.0,1
464,140,142.0,2
464,143,144.0,1
464,147,148.0,1
464,152,156.0,4
464,158,161.0,3
465,92,93.0,1
465,129,130.0,1
465,202,203.0,1
465,204,207.0,3
466,80,95.0,15
466,98,109.0,11
466,535,536.0,1
467,55,56.0,1
467,57,59.0,2
468,62,68.0,6
468,69,77.0,8
468,87,89.0,2
468,92,93.0,1
468,97,98.0,1
468,101,103.0,2
468,133,134.0,1
468,212,215.0,3
468,312,338.0,26
468,341,342.0,1
468,343,344.0,1
468,516,517.0,1
468,518,519.0,1
469,47,48.0,1
469,52,53.0,1
469,55,58.0,3
469,60,64.0,4
469,79,80.0,1
469,113,114.0,1
469,122,123.0,1
469,147,154.0,7
469,176,177.0,1
469,282,283.0,1
469,284,285.0,1
469,287,288.0,1
469,289,292.0,3
469,501,504.0,3
469,508,510.0,2
470,35,36.0,1
470,45,48.0,3
470,102,103.0,1
470,107,109.0,2
470,940,941.0,1
471,97,98.0,1
471,122,123.0,1
471,132,136.0,4
471,140,144.0,4
471,206,207.0,1
471,212,215.0,3
471,220,221.0,1
471,299,300.0,1
471,314,322.0,8
472,49,50.0,1
472,117,119.0,2
472,120,121.0,1
472,133,136.0,3
472,242,244.0,2
473,104,117.0,13
473,118,144.0,26
473,160,165.0,5
473,340,341.0,1
473,544,545.0,1
474,33,37.0,4
474,46,47.0,1
474,88,90.0,2
474,95,97.0,2
474,100,104.0,4
474,528,529.0,1
474,613,617.0,4
474,618,645.0,27
474,646,650.0,4
474,651,652.0,1
475,123,128.0,5
475,129,130.0,1
475,132,133.0,1
475,134,136.0,2
475,137,140.0,3
475,141,154.0,13
475,155,158.0,3
475,159,166.0,7
476,38,39.0,1
476,98,99.0,1
476,100,101.0,1
476,135,136.0,1
476,139,142.0,3
476,144,145.0,1
477,138,142.0,4
477,151,152.0,1
477,153,156.0,3
477,158,242.0,84
477,266,320.0,54
477,337,,0
478,53,54.0,1
478,58,60.0,2
478,64,66.0,2
478,67,69.0,2
478,74,75.0,1
478,81,82.0,1
478,93,94.0,1
478,167,168.0,1
478,170,171.0,1
478,178,212.0,34
478,213,439.0,226
478,440,442.0,2
478,443,453.0,10
478,455,456.0,1
478,457,500.0,43
478,505,506.0,1
478,510,513.0,3
478,517,530.0,13
478,531,578.0,47
478,699,700.0,1
479,40,45.0,5
479,79,83.0,4
479,97,101.0,4
479,113,114.0,1
479,115,124.0,9
479,136,137.0,1
479,141,144.0,3
479,153,154.0,1
479,337,494.0,157
480,63,64.0,1
480,75,77.0,2
480,182,183.0,1
480,214,219.0,5
480,257,258.0,1
480,271,275.0,4
480,620,621.0,1
480,624,625.0,1
480,649,651.0,2
480,655,664.0,9
481,70,71.0,1
481,72,74.0,2
481,188,190.0,2
481,191,192.0,1
481,200,201.0,1
481,207,211.0,4
482,166,213.0,47
482,225,227.0,2
482,236,250.0,14
482,274,278.0,4
482,303,306.0,3
482,309,328.0,19
482,330,343.0,13
482,346,360.0,14
482,363,364.0,1
482,365,366.0,1
482,368,370.0,2
482,372,377.0,5
482,380,381.0,1
482,382,383.0,1
482,384,387.0,3
482,388,389.0,1
482,390,391.0,1
482,392,393.0,1
482,394,395.0,1
482,396,397.0,1
482,400,401.0,1
482,402,404.0,2
482,406,408.0,2
482,410,411.0,1
482,412,413.0,1
482,415,416.0,1
482,418,419.0,1
482,420,421.0,1
482,422,423.0,1
482,425,426.0,1
482,427,428.0,1
482,429,430.0,1
482,431,436.0,5
482,438,441.0,3
482,442,455.0,13
482,456,463.0,7
482,467,468.0,1
482,470,472.0,2
482,473,475.0,2
482,476,478.0,2
482,479,480.0,1
482,481,483.0,2
482,484,485.0,1
482,486,487.0,1
482,489,491.0,2
482,495,498.0,3
482,500,503.0,3
482,508,511.0,3
482,512,515.0,3
482,517,518.0,1
482,519,520.0,1
482,521,524.0,3
482,526,527.0,1
482,528,568.0,40
482,571,573.0,2
482,574,575.0,1
482,576,580.0,4
482,581,582.0,1
482,584,585.0,1
482,586,587.0,1
482,588,592.0,4
482,594,596.0,2
482,597,598.0,1
482,599,600.0,1
482,602,604.0,2
482,605,609.0,4
482,610,613.0,3
482,614,618.0,4
482,619,620.0,1
482,621,623.0,2
482,624,626.0,2
482,627,629.0,2
482,630,631.0,1
482,632,634.0,2
482,635,637.0,2
482,638,639.0,1
482,640,641.0,1
482,642,643.0,1
482,644,646.0,2
482,648,650.0,2
482,651,653.0,2
482,654,657.0,3
482,658,660.0,2
482,661,663.0,2
482,664,670.0,6
482,671,672.0,1
482,676,677.0,1
482,678,683.0,5
482,684,685.0,1
482,686,687.0,1
482,688,689.0,1
482,690,692.0,2
482,693,694.0,1
482,695,697.0,2
482,698,700.0,2
482,703,705.0,2
482,706,708.0,2
482,711,712.0,1
482,713,714.0,1
482,715,716.0,1
482,717,718.0,1
482,719,720.0,1
482,721,724.0,3
482,725,726.0,1
482,727,730.0,3
482,732,733.0,1
482,734,750.0,16
482,751,794.0,43
482,795,798.0,3
482,799,800.0,1
482,802,812.0,10
482,814,815.0,1
482,816,875.0,59
482,876,883.0,7
482,884,888.0,4
482,891,892.0,1
482,895,896.0,1
482,897,898.0,1
482,901,921.0,20
482,922,924.0,2
482,926,939.0,13
482,940,941.0,1
482,943,998.0,55
482,999,,0
483,53,54.0,1
483,121,128.0,7
484,37,48.0,11
484,56,58.0,2
484,59,61.0,2
484,62,63.0,1
484,72,74.0,2
484,75,76.0,1
484,79,80.0,1
484,81,84.0,3
484,108,109.0,1
484,116,120.0,4
484,217,220.0,3
484,221,249.0,28
484,300,301.0,1
484,303,304.0,1
484,554,555.0,1
485,57,58.0,1
485,59,60.0,1
485,114,116.0,2
485,129,132.0,3
485,267,268.0,1
486,137,139.0,2
487,66,70.0,4
487,80,85.0,5
487,106,107.0,1
487,127,129.0,2
488,122,123.0,1
488,152,153.0,1
488,154,160.0,6
488,162,164.0,2
488,363,364.0,1
488,365,369.0,4
488,388,389.0,1
488,513,514.0,1
489,95,96.0,1
489,130,131.0,1
489,246,248.0,2
490,98,99.0,1
490,181,182.0,1
490,273,274.0,1
490,399,400.0,1
491,78,81.0,3
491,83,84.0,1
491,104,110.0,6
491,111,122.0,11
491,124,125.0,1
491,248,249.0,1
492,38,39.0,1
492,42,43.0,1
492,88,89.0,1
492,96,100.0,4
492,107,108.0,1
493,103,104.0,1
493,128,138.0,10
493,214,215.0,1
493,216,217.0,1
493,224,225.0,1
494,51,52.0,1
494,54,71.0,17
494,118,119.0,1
494,145,146.0,1
494,149,154.0,5
494,213,214.0,1
494,218,219.0,1
495,72,76.0,4
495,121,124.0,3
495,137,138.0,1
495,154,161.0,7
495,212,215.0,3
496,70,80.0,10
496,127,128.0,1
496,129,130.0,1
496,132,133.0,1
496,164,165.0,1
496,167,168.0,1
496,191,229.0,38
496,230,231.0,1
496,236,237.0,1
496,297,298.0,1
497,59,62.0,3
497,70,71.0,1
497,141,142.0,1
497,143,153.0,10
497,156,159.0,3
497,160,166.0,6
497,182,187.0,5
497,245,247.0,2
497,249,250.0,1
497,282,283.0,1
498,77,81.0,4
498,91,92.0,1
498,96,100.0,4
498,128,129.0,1
498,170,171.0,1
498,243,244.0,1
498,250,252.0,2
498,255,257.0,2
498,260,261.0,1
498,262,263.0,1
498,273,276.0,3
498,282,283.0,1
498,284,285.0,1
498,286,289.0,3
498,290,304.0,14
498,306,307.0,1
498,311,312.0,1
498,327,331.0,4
498,338,339.0,1
498,342,343.0,1
498,345,346.0,1
498,349,350.0,1
498,353,354.0,1
498,355,356.0,1
498,357,362.0,5
498,366,367.0,1
499,41,42.0,1
499,46,50.0,4
499,70,72.0,2
499,100,112.0,12
499,121,123.0,2
499,175,176.0,1
499,310,311.0,1
500,112,113.0,1
500,114,116.0,2
500,126,127.0,1
500,128,129.0,1
500,130,131.0,1
500,134,135.0,1
500,139,142.0,3
500,144,145.0,1
500,146,148.0,2
500,149,150.0,1
500,151,152.0,1
500,153,156.0,3
500,163,164.0,1
500,166,168.0,2
500,169,175.0,6
500,180,181.0,1
500,182,186.0,4
500,187,188.0,1
500,189,190.0,1
500,191,192.0,1
500,193,194.0,1
500,195,200.0,5
500,203,205.0,2
500,206,207.0,1
500,215,217.0,2
500,229,230.0,1
500,235,237.0,2
500,291,294.0,3
500,296,297.0,1
500,299,301.0,2
500,306,309.0,3
500,327,330.0,3
500,331,335.0,4
500,339,342.0,3
500,344,348.0,4
500,349,351.0,2
500,354,355.0,1
