Episode,Makespan,Coverage,Communication_Ratio,Inference_Time_ms
1,328,100.0,99.7,8414.2
2,1000,98.72,97.7,29909.4
3,789,100.0,99.75,23779.62
4,1000,99.52,91.5,29953.52
5,1000,98.4,100.0,30141.26
6,360,100.0,98.89,10658.7
7,1000,97.92,97.7,29872.68
8,342,100.0,96.2,10244.22
9,1000,98.56,96.5,29430.77
10,1000,99.84,100.0,29974.61
11,1000,99.84,99.8,29686.16
12,404,100.0,97.28,12057.98
13,1000,97.76,100.0,29902.12
14,1000,99.68,99.7,29647.11
15,1000,99.84,99.3,29987.73
16,1000,96.96,98.4,29624.44
17,1000,99.2,100.0,30150.88
18,763,100.0,92.66,22786.35
19,902,100.0,98.45,26490.55
20,1000,99.84,100.0,29922.94
21,1000,99.36,98.9,29602.73
22,1000,99.2,95.5,29899.61
23,629,100.0,83.47,18539.08
24,1000,97.76,97.4,29944.84
25,1000,98.88,95.8,29830.37
26,1000,99.2,97.0,29950.88
27,484,100.0,90.91,14524.71
28,1000,99.84,99.9,29671.95
29,1000,99.36,100.0,29896.01
30,1000,99.84,91.2,29413.31
31,811,100.0,100.0,24339.64
32,1000,98.08,97.9,29977.6
33,1000,99.68,29.1,29679.06
34,438,100.0,84.25,13138.15
35,1000,96.96,100.0,29556.48
36,356,100.0,100.0,10715.01
37,1000,95.52,99.1,29997.47
38,938,100.0,90.51,27610.29
39,1000,88.64,99.7,29951.36
40,1000,99.84,97.7,29597.79
41,1000,99.52,100.0,29988.39
42,1000,99.52,97.8,29661.37
43,185,100.0,94.59,5573.08
44,1000,97.76,98.1,29953.72
45,1000,99.04,94.1,29773.61
46,319,100.0,100.0,9545.03
47,429,100.0,94.17,12835.12
48,1000,99.68,98.0,29703.23
49,1000,98.88,96.8,29747.62
50,1000,96.64,95.5,29932.67
51,1000,98.4,91.8,29629.11
52,432,100.0,100.0,13078.43
53,1000,99.68,96.4,29294.52
54,1000,99.84,94.4,29891.4
55,355,100.0,100.0,10611.65
56,1000,98.72,99.9,29452.66
57,355,100.0,99.44,10653.43
58,695,100.0,99.42,20832.57
59,1000,97.92,99.4,29839.43
60,1000,99.04,97.4,30003.02
61,1000,99.36,94.7,29612.97
62,1000,99.84,97.9,29961.89
63,1000,97.76,99.7,29589.58
64,1000,99.84,89.1,30018.29
65,1000,99.04,89.4,29674.58
66,1000,99.84,98.0,29675.65
67,394,100.0,97.72,11759.12
68,626,100.0,100.0,18475.07
69,1000,99.52,95.8,29834.6
70,1000,99.68,99.4,29938.51
71,1000,99.68,77.6,29461.52
72,1000,99.52,97.4,29924.83
73,1000,99.84,99.7,29471.83
74,1000,96.96,95.8,29903.54
75,1000,98.4,99.7,29567.98
76,1000,98.56,99.7,29877.2
77,1000,98.4,94.3,29705.59
78,742,100.0,99.19,22166.94
79,1000,99.52,93.5,29595.05
80,276,100.0,75.72,8239.2
81,1000,99.36,96.9,29896.94
82,672,100.0,98.21,20041.78
83,1000,98.88,94.7,29849.71
84,1000,97.6,100.0,29946.53
85,1000,99.84,99.5,29553.51
86,1000,99.2,87.8,29903.67
87,1000,98.08,99.5,29418.23
88,1000,98.72,99.2,29889.36
89,359,100.0,82.73,10530.39
90,1000,98.08,84.3,30027.21
91,685,100.0,97.08,20549.65
92,1000,99.36,100.0,29493.74
93,1000,99.52,100.0,30015.03
94,1000,99.68,99.9,29661.81
95,1000,99.52,100.0,29868.45
96,1000,96.96,99.7,29637.54
97,794,100.0,98.49,23886.83
98,368,100.0,98.91,10999.98
99,787,100.0,100.0,23265.56
100,730,100.0,95.75,21959.58
101,529,100.0,98.3,15999.47
102,1000,95.68,96.6,29541.47
103,398,100.0,98.74,11963.04
104,1000,99.52,97.6,30177.58
105,1000,99.84,97.2,29551.39
106,296,100.0,98.65,8926.17
107,1000,97.6,97.1,29957.82
108,1000,99.84,97.5,29416.23
109,1000,97.76,97.4,30009.77
110,947,100.0,99.68,28016.23
111,631,100.0,100.0,18960.2
112,801,100.0,99.38,23928.45
113,1000,99.68,100.0,29557.82
114,1000,99.84,97.9,29970.11
115,1000,99.84,99.8,29447.29
116,1000,99.36,81.9,29939.08
117,1000,97.28,96.3,29549.58
118,1000,99.68,94.6,29939.15
119,620,100.0,97.9,18181.48
120,1000,99.52,100.0,30026.7
121,1000,99.04,90.4,29810.28
122,1000,99.84,99.3,30092.22
123,1000,97.44,100.0,29825.0
124,1000,98.56,99.2,29951.2
125,1000,97.6,98.0,30166.92
126,1000,99.68,98.8,29369.59
127,880,100.0,96.82,26475.42
128,1000,99.68,100.0,29663.5
129,1000,99.84,99.1,30019.81
130,332,100.0,88.86,9943.85
131,680,100.0,95.15,19980.91
132,1000,99.2,98.3,30020.62
133,1000,97.44,98.4,29714.24
134,1000,99.52,93.4,30114.14
135,1000,99.04,100.0,29642.66
136,505,100.0,100.0,15166.8
137,1000,99.52,95.9,30198.4
138,431,100.0,97.68,12399.49
139,1000,99.52,100.0,30034.87
140,1000,98.08,99.4,29974.73
141,405,100.0,100.0,11746.78
142,1000,99.2,80.0,30028.53
143,1000,98.72,100.0,29604.24
144,865,100.0,98.84,26000.81
145,1000,99.84,100.0,29727.26
146,1000,96.0,97.7,29834.71
147,1000,96.48,77.5,33052.81
148,1000,99.2,99.9,30268.85
149,565,100.0,97.52,16825.6
150,1000,98.24,96.0,30003.25
151,1000,97.92,94.3,29774.77
152,1000,99.52,84.7,30694.87
153,1000,99.52,98.2,32352.2
154,1000,99.52,98.5,29790.32
155,1000,99.84,100.0,30237.37
156,1000,99.68,100.0,29799.9
157,1000,99.84,99.2,30165.54
158,1000,99.2,100.0,28512.82
159,1000,99.68,93.1,29890.68
160,699,100.0,93.13,21300.62
161,1000,98.72,94.4,30557.86
162,1000,96.96,100.0,30007.65
163,1000,99.04,91.4,29179.08
164,1000,99.36,100.0,29059.66
165,239,100.0,79.5,6733.86
166,1000,99.68,100.0,28161.15
167,1000,99.36,100.0,29017.69
168,1000,98.4,100.0,30207.26
169,1000,99.36,97.8,28877.19
170,281,100.0,92.88,8822.97
171,1000,99.68,100.0,29691.44
172,1000,94.08,99.9,28607.4
173,1000,99.84,100.0,29201.96
174,1000,99.52,100.0,31015.82
175,1000,99.68,99.3,31862.35
176,1000,99.84,99.7,28910.45
177,1000,99.84,96.7,28241.89
178,1000,99.36,100.0,30152.41
179,1000,99.68,100.0,30064.65
180,1000,91.2,94.1,29140.97
181,1000,98.4,97.9,30093.34
182,1000,99.36,23.3,29259.88
183,1000,92.0,96.9,29516.23
184,1000,99.68,100.0,29463.64
185,1000,99.04,97.7,28594.92
186,1000,99.36,94.7,29491.81
187,1000,99.04,99.0,30256.42
188,1000,98.24,98.5,29555.73
189,1000,99.68,100.0,29457.73
190,1000,97.28,92.8,30903.63
191,1000,99.36,97.6,30499.46
192,458,100.0,85.59,13868.64
193,1000,99.52,95.2,30579.44
194,1000,97.12,98.0,33804.34
195,1000,99.84,90.9,32105.41
196,1000,98.88,96.4,33272.48
197,1000,99.36,100.0,35050.47
198,1000,99.36,82.7,34520.4
199,1000,99.84,97.5,34071.51
200,1000,99.68,98.4,34294.71
201,1000,99.84,99.7,34210.84
202,1000,99.68,90.0,34262.43
203,1000,97.44,95.7,33023.56
204,1000,99.2,99.8,33240.1
205,749,100.0,79.31,25633.75
206,697,100.0,100.0,22404.32
207,1000,99.68,98.0,35309.52
208,426,100.0,100.0,15330.96
209,507,100.0,99.41,17461.13
210,1000,99.68,99.1,34116.46
211,685,100.0,90.51,22095.4
212,1000,96.8,91.9,34918.61
213,1000,99.52,98.0,36296.51
214,1000,99.68,100.0,34814.37
215,1000,99.04,100.0,36609.03
216,1000,98.88,99.1,34862.76
217,475,100.0,93.26,16559.87
218,744,100.0,95.03,26133.28
219,1000,99.84,99.8,35969.41
220,1000,98.72,98.8,33641.05
221,1000,98.88,99.8,36387.82
222,1000,94.88,100.0,34079.34
223,1000,99.52,98.6,32770.39
224,892,100.0,100.0,30514.3
225,1000,99.84,100.0,34917.6
226,1000,99.36,99.5,34605.67
227,1000,98.72,99.6,37263.81
228,1000,99.2,94.1,34114.54
229,1000,98.72,96.1,33982.94
230,1000,97.28,99.8,36083.11
231,377,100.0,98.41,12705.71
232,472,100.0,98.52,16051.44
233,1000,99.84,99.7,33550.19
234,1000,99.68,100.0,31900.09
235,1000,99.04,99.7,34134.7
236,1000,99.2,97.1,34291.68
237,1000,98.4,99.0,32913.09
238,422,100.0,97.87,14180.22
239,1000,99.52,96.3,34793.1
240,951,100.0,86.12,31426.09
241,1000,99.2,90.9,31059.93
242,922,100.0,100.0,28759.98
243,1000,99.52,98.4,31069.26
244,1000,99.84,100.0,31468.37
245,1000,99.36,100.0,31134.51
246,1000,99.2,93.5,30178.39
247,772,100.0,97.67,23168.17
248,1000,99.84,100.0,30675.94
249,1000,93.28,97.0,29198.25
250,1000,97.28,98.2,30326.88
251,718,100.0,95.54,22391.66
252,309,100.0,98.38,9851.42
253,1000,97.92,99.3,29978.62
254,1000,99.68,97.7,29267.53
255,1000,99.2,75.4,30261.69
256,1000,84.96,99.3,31408.82
257,1000,91.2,99.5,29450.15
258,1000,96.32,99.1,30052.31
259,1000,98.56,100.0,29632.67
260,1000,99.36,99.8,29269.66
261,1000,99.84,100.0,30577.39
262,1000,99.84,95.8,29856.37
263,1000,98.72,98.1,29747.97
264,1000,99.84,98.4,29507.87
265,1000,99.68,100.0,30696.69
266,1000,98.08,98.5,30119.77
267,1000,99.36,98.3,29948.55
268,407,100.0,99.26,12254.46
269,1000,99.68,100.0,30992.0
270,1000,95.68,97.3,30582.5
271,1000,99.84,86.7,30565.35
272,1000,99.84,28.9,28318.84
273,408,100.0,99.75,11923.22
274,1000,99.2,98.4,28779.58
275,1000,99.52,99.6,30789.72
276,1000,99.04,97.5,29531.2
277,1000,99.68,99.5,29539.22
278,1000,99.68,99.2,28959.8
279,1000,99.68,85.8,30812.69
280,347,100.0,100.0,10575.91
281,1000,99.84,100.0,30225.82
282,294,100.0,96.94,8074.66
283,1000,98.08,97.5,29465.78
284,1000,97.76,98.5,30289.53
285,459,100.0,91.94,14020.49
286,1000,99.84,99.2,30835.96
287,1000,98.08,97.6,30075.31
288,1000,99.52,99.5,30674.93
289,1000,99.84,100.0,28695.57
290,1000,97.76,99.3,28542.45
291,1000,99.68,98.5,28631.13
292,1000,99.84,99.8,29116.44
293,1000,99.2,100.0,31620.08
294,1000,98.88,95.1,28460.45
295,1000,98.4,94.9,30873.18
296,1000,97.76,88.9,29543.15
297,824,100.0,100.0,24370.01
298,1000,99.68,98.8,30554.91
299,361,100.0,98.61,11080.81
300,1000,96.64,97.5,30163.51
301,1000,99.84,82.3,30610.05
302,1000,98.24,98.8,30071.68
303,1000,98.4,100.0,30633.28
304,1000,99.68,84.1,30252.75
305,465,100.0,87.96,14427.54
306,1000,99.84,100.0,30875.87
307,1000,99.2,100.0,31821.22
308,1000,99.84,100.0,30575.95
309,1000,99.2,100.0,30516.43
310,563,100.0,99.82,17154.25
311,1000,98.56,98.0,27813.69
312,1000,99.04,97.4,29278.69
313,322,100.0,100.0,9075.96
314,1000,99.68,11.4,29864.4
315,418,100.0,97.37,12791.93
316,1000,99.2,73.9,30388.35
317,1000,99.04,92.6,30591.72
318,1000,99.36,99.4,30244.17
319,1000,97.28,18.1,30567.68
320,1000,99.84,100.0,30372.8
321,392,100.0,99.74,12277.45
322,1000,99.04,99.9,30383.32
323,1000,98.88,99.8,30817.69
324,1000,99.68,98.5,30732.59
325,1000,99.84,99.7,30662.06
326,1000,98.08,90.1,30661.77
327,1000,99.68,89.9,30827.22
328,1000,92.96,99.8,30865.95
329,1000,99.36,99.3,30786.63
330,1000,99.68,99.0,30851.53
331,570,100.0,90.35,17048.8
332,1000,99.84,99.8,30900.1
333,1000,98.56,99.0,30409.67
334,1000,99.68,99.7,31029.29
335,1000,98.56,94.3,30219.8
336,1000,97.6,100.0,30928.64
337,1000,99.36,100.0,30324.45
338,1000,99.84,100.0,30822.38
339,1000,92.96,98.7,30383.93
340,337,100.0,78.93,10505.84
341,1000,93.92,100.0,30847.28
342,254,100.0,94.88,7805.48
343,1000,99.84,98.2,30421.38
344,1000,98.08,95.6,30762.34
345,1000,99.84,100.0,30466.96
346,1000,96.16,99.8,30761.06
347,1000,98.56,100.0,30552.54
348,302,100.0,92.72,9389.99
349,296,100.0,92.91,9094.85
350,1000,98.24,99.2,30350.47
351,1000,99.04,100.0,30822.4
352,1000,99.84,98.6,30242.05
353,1000,92.64,99.9,30818.29
354,1000,91.2,98.7,30738.38
355,1000,99.2,93.2,30730.16
356,1000,95.36,99.9,30587.89
357,1000,99.36,24.0,30387.41
358,1000,98.72,64.8,30692.25
359,294,100.0,100.0,8826.41
360,1000,99.68,97.0,30700.26
361,315,100.0,85.4,9709.68
362,1000,98.88,100.0,30410.97
363,1000,99.04,98.3,31082.09
364,1000,99.84,100.0,30244.36
365,1000,98.4,95.5,30859.55
366,1000,99.68,98.4,30171.66
367,1000,99.04,97.4,30830.25
368,1000,96.16,100.0,30355.01
369,1000,99.36,100.0,30739.79
370,1000,92.16,99.2,30459.57
371,1000,95.36,99.4,30854.62
372,1000,99.68,99.9,30455.04
373,1000,97.44,97.9,30907.13
374,243,100.0,100.0,7496.47
375,1000,99.36,97.5,30156.45
376,384,100.0,80.73,11827.39
377,1000,99.52,99.9,30767.82
378,1000,98.88,99.6,30123.89
379,466,100.0,96.14,14421.33
380,1000,97.28,95.5,30203.21
381,1000,98.56,96.9,30813.29
382,1000,99.68,99.9,30501.67
383,1000,99.68,87.1,30733.48
384,1000,99.84,99.9,30540.38
385,1000,98.88,100.0,30467.25
386,1000,99.84,99.4,30666.4
387,1000,99.52,99.0,30773.11
388,1000,99.84,100.0,30616.3
389,1000,99.52,99.5,30492.05
390,1000,98.72,100.0,30759.2
391,1000,99.68,98.6,30268.95
392,1000,99.52,100.0,30807.66
393,1000,99.84,94.9,30393.76
394,1000,99.04,98.9,30991.37
395,658,100.0,100.0,19901.23
396,752,100.0,100.0,23542.48
397,270,100.0,92.59,8272.19
398,1000,99.84,81.3,30557.86
399,1000,99.68,80.5,30769.25
400,1000,99.52,96.1,30483.32
401,1000,95.68,99.3,30716.9
402,1000,98.56,99.0,30406.81
403,276,100.0,92.39,8453.69
404,1000,99.52,97.1,30767.16
405,1000,97.92,8.7,30265.68
406,1000,95.84,100.0,30851.88
407,1000,98.4,95.9,30559.94
408,1000,99.84,97.6,30781.77
409,1000,96.48,100.0,30458.02
410,1000,99.52,92.2,30648.78
411,1000,99.52,100.0,30578.05
412,1000,99.68,99.6,30886.26
413,1000,98.56,70.2,30709.94
414,1000,99.68,85.2,30832.59
415,792,100.0,98.86,24302.12
416,1000,98.4,95.9,30542.35
417,349,100.0,100.0,10746.98
418,1000,99.52,90.9,30472.26
419,1000,99.04,99.4,30858.72
420,1000,99.52,94.3,30518.8
421,786,100.0,99.36,24224.95
422,1000,99.52,17.8,30689.73
423,594,100.0,99.66,18061.8
424,1000,98.08,85.6,30946.54
425,1000,99.68,100.0,30435.98
426,307,100.0,98.37,9457.17
427,1000,99.68,99.8,30932.13
428,1000,99.68,99.7,30565.31
429,1000,99.68,40.1,30748.47
430,1000,98.4,92.6,30460.77
431,469,100.0,100.0,14490.02
432,1000,99.2,100.0,30437.72
433,1000,99.84,96.6,31006.49
434,330,100.0,100.0,10236.06
435,1000,99.36,80.9,30396.94
436,568,100.0,91.55,17631.99
437,1000,98.88,98.0,30850.32
438,1000,94.88,99.8,30736.38
439,1000,95.84,100.0,30947.06
440,1000,99.84,100.0,30574.26
441,1000,99.68,97.3,30884.72
442,1000,99.2,92.7,30572.83
443,1000,98.88,97.3,30754.56
444,589,100.0,97.11,17606.26
445,763,100.0,99.21,23469.13
446,663,100.0,95.78,20321.83
447,480,100.0,100.0,14342.92
448,1000,98.88,99.4,31014.6
449,206,100.0,100.0,6378.28
450,1000,87.52,99.8,30382.71
451,1000,99.84,99.2,30726.41
452,515,100.0,89.13,15916.81
453,274,100.0,87.59,8121.16
454,1000,97.12,100.0,30868.93
455,1000,98.08,100.0,30725.25
456,1000,99.68,99.9,30835.09
457,541,100.0,98.71,16719.84
458,340,100.0,85.29,10534.59
459,1000,99.84,98.5,30165.4
460,1000,99.36,96.1,30889.9
461,1000,99.52,98.3,30274.06
462,1000,96.64,100.0,30811.99
463,1000,99.84,97.6,30694.19
464,249,100.0,100.0,7716.54
465,1000,99.36,98.4,30609.22
466,1000,96.0,100.0,30582.05
467,1000,99.52,99.4,30959.8
468,1000,99.36,98.7,30319.84
469,793,100.0,96.22,24492.72
470,1000,99.84,98.5,30309.01
471,1000,99.84,90.5,30860.87
472,1000,99.68,98.8,30375.07
473,1000,84.48,99.2,30879.66
474,1000,98.72,97.2,30336.26
475,1000,99.36,99.0,30973.55
476,1000,97.6,99.8,30394.62
477,1000,93.92,99.4,30854.06
478,1000,99.52,94.7,30395.31
479,1000,99.68,93.4,30917.84
480,1000,99.52,99.9,30303.33
481,1000,99.52,98.7,30957.8
482,1000,99.36,80.8,30266.57
483,420,100.0,96.19,12857.42
484,1000,98.56,99.4,30767.03
485,1000,97.28,99.7,30386.84
486,301,100.0,87.71,9298.85
487,1000,99.68,97.8,30861.02
488,1000,99.52,96.3,30413.34
489,1000,98.4,100.0,30881.74
490,1000,97.76,98.0,30515.34
491,1000,98.4,100.0,29589.16
492,1000,99.68,99.1,30485.22
493,1000,93.44,97.0,30913.22
494,1000,97.6,96.7,30426.6
495,365,100.0,100.0,11344.04
496,263,100.0,98.48,8090.7
497,470,100.0,91.7,14705.75
498,588,100.0,93.2,17712.31
499,1000,97.28,15.1,30853.95
500,1000,99.52,100.0,30575.52
